Animal,testnum,Box,File,Location_Thresh,Use_Window,Window_Weight,Window_Size,Start_Frame,ROI_coordinates,ROI_location,ROI_transition,bin,range(f),light,dark,Distance_px,Distance_in
1,1,1,LD1_01_02_03_04_2022-12-02 12-19-41.mkv,99,TRUE,0.9,50,1800,"{'xs': [[2.1035970052083353, 103.53068033854167, 102.41609700520834, 1.5463053385416685], [1.5463053385416685, 102.41609700520834, 104.645263671875, 2.1035970052083353]], 'ys': [[0.4198895027624259, 2.011049723756901, 107.42541436464089, 107.42541436464089], [107.42541436464089, 107.42541436464089, 214.0331491712707, 214.82872928176795]]}",dark,FALSE,0,"(0, 1800)",0.68573015,0.315935591,1972.974008,195.6090502
5,1,1,LD1_05_06_07_08_2022-12-02 12-38-34.mkv,99,TRUE,0.9,50,1800,"{'xs': [[2.1035970052083353, 103.53068033854167, 102.41609700520834, 1.5463053385416685], [1.5463053385416685, 102.41609700520834, 104.645263671875, 2.1035970052083353]], 'ys': [[0.4198895027624259, 2.011049723756901, 107.42541436464089, 107.42541436464089], [107.42541436464089, 107.42541436464089, 214.0331491712707, 214.82872928176795]]}",light,FALSE,0,"(0, 1800)",0.72570794,0.27429206,1289.823758,127.8786235
9,1,1,LD1_09_10_2022-12-02 12-58-03.mkv,99,TRUE,0.9,50,1800,"{'xs': [[2.1035970052083353, 103.53068033854167, 102.41609700520834, 1.5463053385416685], [1.5463053385416685, 102.41609700520834, 104.645263671875, 2.1035970052083353]], 'ys': [[0.4198895027624259, 2.011049723756901, 107.42541436464089, 107.42541436464089], [107.42541436464089, 107.42541436464089, 214.0331491712707, 214.82872928176795]]}",light,FALSE,0,"(0, 1800)",0.538034425,0.465852304,1712.312748,169.7659821
11,1,1,LD1_11_12_13_14_2022-12-02 13-16-43.mkv,99,TRUE,0.9,50,1800,"{'xs': [[2.1035970052083353, 103.53068033854167, 102.41609700520834, 1.5463053385416685], [1.5463053385416685, 102.41609700520834, 104.645263671875, 2.1035970052083353]], 'ys': [[0.4198895027624259, 2.011049723756901, 107.42541436464089, 107.42541436464089], [107.42541436464089, 107.42541436464089, 214.0331491712707, 214.82872928176795]]}",dark,FALSE,0,"(0, 1800)",0.691282621,0.312048862,1887.075907,187.0927464
15,1,1,LD1_15_16_17_18_2022-12-02 13-56-02.mkv,99,TRUE,0.9,50,1800,"{'xs': [[2.1035970052083353, 103.53068033854167, 102.41609700520834, 1.5463053385416685], [1.5463053385416685, 102.41609700520834, 104.645263671875, 2.1035970052083353]], 'ys': [[0.4198895027624259, 2.011049723756901, 107.42541436464089, 107.42541436464089], [107.42541436464089, 107.42541436464089, 214.0331491712707, 214.82872928176795]]}",light,FALSE,0,"(0, 1800)",0.231538034,0.769017213,1601.66641,158.7960328
2,1,2,LD1_01_02_03_04_2022-12-02 12-19-41.mkv,99,TRUE,0.9,50,1800,"{'xs': [[2.6040111940298503, 106.58411069651741, 106.58411069651741, 1.5094838308457708], [1.5094838308457708, 106.58411069651741, 107.67863805970148, 2.0567475124378105]], 'ys': [[2.40883977900552, 2.011049723756901, 107.42541436464089, 107.8232044198895], [107.8232044198895, 107.42541436464089, 214.0331491712707, 214.0331491712707]]}",light,FALSE,0,"(0, 1800)",0.511382565,0.495835647,1881.878456,186.5473944
6,1,2,LD1_05_06_07_08_2022-12-02 12-38-34.mkv,99,TRUE,0.9,50,1800,"{'xs': [[2.6040111940298503, 106.58411069651741, 106.58411069651741, 1.5094838308457708], [1.5094838308457708, 106.58411069651741, 107.67863805970148, 2.0567475124378105]], 'ys': [[2.40883977900552, 2.011049723756901, 107.42541436464089, 107.8232044198895], [107.8232044198895, 107.42541436464089, 214.0331491712707, 214.0331491712707]]}",dark,FALSE,0,"(0, 1800)",0.559689062,0.44752915,2051.85813,203.397189
10,1,2,LD1_09_10_2022-12-02 12-58-03.mkv,99,TRUE,0.9,50,1800,"{'xs': [[2.6040111940298503, 106.58411069651741, 106.58411069651741, 1.5094838308457708], [1.5094838308457708, 106.58411069651741, 107.67863805970148, 2.0567475124378105]], 'ys': [[2.40883977900552, 2.011049723756901, 107.42541436464089, 107.8232044198895], [107.8232044198895, 107.42541436464089, 214.0331491712707, 214.0331491712707]]}",light,FALSE,0,"(0, 1800)",0.473625763,0.531926707,1974.671878,195.7458478
12,1,2,LD1_11_12_13_14_2022-12-02 13-16-43.mkv,99,TRUE,0.9,50,1800,"{'xs': [[2.6040111940298503, 106.58411069651741, 106.58411069651741, 1.5094838308457708], [1.5094838308457708, 106.58411069651741, 107.67863805970148, 2.0567475124378105]], 'ys': [[2.40883977900552, 2.011049723756901, 107.42541436464089, 107.8232044198895], [107.8232044198895, 107.42541436464089, 214.0331491712707, 214.0331491712707]]}",dark,FALSE,0,"(0, 1800)",0.294280955,0.715158245,1706.220277,169.1346994
16,1,2,LD1_15_16_17_18_2022-12-02 13-56-02.mkv,99,TRUE,0.9,50,1800,"{'xs': [[2.6040111940298503, 106.58411069651741, 106.58411069651741, 1.5094838308457708], [1.5094838308457708, 106.58411069651741, 107.67863805970148, 2.0567475124378105]], 'ys': [[2.40883977900552, 2.011049723756901, 107.42541436464089, 107.8232044198895], [107.8232044198895, 107.42541436464089, 214.0331491712707, 214.0331491712707]]}",light,FALSE,0,"(0, 1800)",0.436979456,0.566907274,2370.61959,234.9954676
3,1,3,LD1_01_02_03_04_2022-12-02 12-19-41.mkv,99,TRUE,0.9,50,1800,"{'xs': [[1.0083165322580643, 102.05670362903226, 103.75025201612902, 1.5728326612903225], [1.5728326612903225, 103.75025201612902, 103.18573588709677, 1.5728326612903225]], 'ys': [[2.0088141025641053, 2.0088141025641053, 109.31650641025641, 108.12419871794872], [108.12419871794872, 109.31650641025641, 215.43189102564102, 215.43189102564102]]}",light,FALSE,0,"(0, 1800)",0.088839534,0.913936702,1247.455705,124.4174195
7,1,3,LD1_05_06_07_08_2022-12-02 12-38-34.mkv,99,TRUE,0.9,50,1800,"{'xs': [[1.0083165322580643, 102.05670362903226, 103.75025201612902, 1.5728326612903225], [1.5728326612903225, 103.75025201612902, 103.18573588709677, 1.5728326612903225]], 'ys': [[2.0088141025641053, 2.0088141025641053, 109.31650641025641, 108.12419871794872], [108.12419871794872, 109.31650641025641, 215.43189102564102, 215.43189102564102]]}",dark,FALSE,0,"(0, 1800)",0.500832871,0.503609106,1656.996059,165.2637228
13,1,3,LD1_11_12_13_14_2022-12-02 13-16-43.mkv,99,TRUE,0.9,50,1800,"{'xs': [[1.0083165322580643, 102.05670362903226, 103.75025201612902, 1.5728326612903225], [1.5728326612903225, 103.75025201612902, 103.18573588709677, 1.5728326612903225]], 'ys': [[2.0088141025641053, 2.0088141025641053, 109.31650641025641, 108.12419871794872], [108.12419871794872, 109.31650641025641, 215.43189102564102, 215.43189102564102]]}",light,FALSE,0,"(0, 1800)",0.399222654,0.610216546,1521.172733,151.7171194
17,1,3,LD1_15_16_17_18_2022-12-02 13-56-02.mkv,99,TRUE,0.9,50,1800,"{'xs': [[1.0083165322580643, 102.05670362903226, 103.75025201612902, 1.5728326612903225], [1.5728326612903225, 103.75025201612902, 103.18573588709677, 1.5728326612903225]], 'ys': [[2.0088141025641053, 2.0088141025641053, 109.31650641025641, 108.12419871794872], [108.12419871794872, 109.31650641025641, 215.43189102564102, 215.43189102564102]]}",dark,FALSE,0,"(0, 1800)",0.51804553,0.497501388,1943.833102,193.8719729
4,1,4,LD1_01_02_03_04_2022-12-02 12-19-41.mkv,99,TRUE,0.9,50,1800,"{'xs': [[1.0289062499999988, 100.02335069444445, 100.02335069444445, 1.0289062499999988], [1.0289062499999988, 100.02335069444445, 100.59557291666667, 1.0289062499999988]], 'ys': [[2.0066029143898074, 2.800774134790536, 109.61680327868854, 107.23428961748635], [107.23428961748635, 109.61680327868854, 216.43283242258653, 215.24157559198545]]}",dark,FALSE,0,"(0, 1800)",0.346474181,0.659633537,1985.166017,200.9429882
8,1,4,LD1_05_06_07_08_2022-12-02 12-38-34.mkv,99,TRUE,0.9,50,1800,"{'xs': [[1.0289062499999988, 100.02335069444445, 100.02335069444445, 1.0289062499999988], [1.0289062499999988, 100.02335069444445, 100.59557291666667, 1.0289062499999988]], 'ys': [[2.0066029143898074, 2.800774134790536, 109.61680327868854, 107.23428961748635], [107.23428961748635, 109.61680327868854, 216.43283242258653, 215.24157559198545]]}",light,FALSE,0,"(0, 1800)",0.230982787,0.771793448,1474.970534,149.2998491
14,1,4,LD1_11_12_13_14_2022-12-02 13-16-43.mkv,99,TRUE,0.9,50,1800,"{'xs': [[1.0289062499999988, 100.02335069444445, 100.02335069444445, 1.0289062499999988], [1.0289062499999988, 100.02335069444445, 100.59557291666667, 1.0289062499999988]], 'ys': [[2.0066029143898074, 2.800774134790536, 109.61680327868854, 107.23428961748635], [107.23428961748635, 109.61680327868854, 216.43283242258653, 215.24157559198545]]}",dark,FALSE,0,"(0, 1800)",0.461965575,0.54469739,1497.861158,151.6168897
18,1,4,LD1_15_16_17_18_2022-12-02 13-56-02.mkv,99,TRUE,0.9,50,1800,"{'xs': [[1.0289062499999988, 100.02335069444445, 100.02335069444445, 1.0289062499999988], [1.0289062499999988, 100.02335069444445, 100.59557291666667, 1.0289062499999988]], 'ys': [[2.0066029143898074, 2.800774134790536, 109.61680327868854, 107.23428961748635], [107.23428961748635, 109.61680327868854, 216.43283242258653, 215.24157559198545]]}",dark,FALSE,0,"(0, 1800)",0.193225986,0.808995003,1171.803587,118.6126059
1,1,1,LD1_01_02_03_04_2022-12-02 12-19-41.mkv,99,TRUE,0.9,50,1800,"{'xs': [[2.1035970052083353, 103.53068033854167, 102.41609700520834, 1.5463053385416685], [1.5463053385416685, 102.41609700520834, 104.645263671875, 2.1035970052083353]], 'ys': [[0.4198895027624259, 2.011049723756901, 107.42541436464089, 107.42541436464089], [107.42541436464089, 107.42541436464089, 214.0331491712707, 214.82872928176795]]}",dark,FALSE,1,"(1800, 3600)",0.393670183,0.609661299,1665.000484,165.0752427
5,1,1,LD1_05_06_07_08_2022-12-02 12-38-34.mkv,99,TRUE,0.9,50,1800,"{'xs': [[2.1035970052083353, 103.53068033854167, 102.41609700520834, 1.5463053385416685], [1.5463053385416685, 102.41609700520834, 104.645263671875, 2.1035970052083353]], 'ys': [[0.4198895027624259, 2.011049723756901, 107.42541436464089, 107.42541436464089], [107.42541436464089, 107.42541436464089, 214.0331491712707, 214.82872928176795]]}",light,FALSE,1,"(1800, 3600)",0.327040533,0.673514714,821.5666792,81.45362135
9,1,1,LD1_09_10_2022-12-02 12-58-03.mkv,99,TRUE,0.9,50,1800,"{'xs': [[2.1035970052083353, 103.53068033854167, 102.41609700520834, 1.5463053385416685], [1.5463053385416685, 102.41609700520834, 104.645263671875, 2.1035970052083353]], 'ys': [[0.4198895027624259, 2.011049723756901, 107.42541436464089, 107.42541436464089], [107.42541436464089, 107.42541436464089, 214.0331491712707, 214.82872928176795]]}",light,FALSE,1,"(1800, 3600)",0,1,875.3877959,86.78967619
11,1,1,LD1_11_12_13_14_2022-12-02 13-16-43.mkv,99,TRUE,0.9,50,1800,"{'xs': [[2.1035970052083353, 103.53068033854167, 102.41609700520834, 1.5463053385416685], [1.5463053385416685, 102.41609700520834, 104.645263671875, 2.1035970052083353]], 'ys': [[0.4198895027624259, 2.011049723756901, 107.42541436464089, 107.42541436464089], [107.42541436464089, 107.42541436464089, 214.0331491712707, 214.82872928176795]]}",dark,FALSE,1,"(1800, 3600)",0.450860633,0.551360355,1382.369779,137.0540303
15,1,1,LD1_15_16_17_18_2022-12-02 13-56-02.mkv,99,TRUE,0.9,50,1800,"{'xs': [[2.1035970052083353, 103.53068033854167, 102.41609700520834, 1.5463053385416685], [1.5463053385416685, 102.41609700520834, 104.645263671875, 2.1035970052083353]], 'ys': [[0.4198895027624259, 2.011049723756901, 107.42541436464089, 107.42541436464089], [107.42541436464089, 107.42541436464089, 214.0331491712707, 214.82872928176795]]}",light,FALSE,1,"(1800, 3600)",0.177679067,0.823986674,1286.890943,127.5878517
2,1,2,LD1_01_02_03_04_2022-12-02 12-19-41.mkv,99,TRUE,0.9,50,1800,"{'xs': [[2.6040111940298503, 106.58411069651741, 106.58411069651741, 1.5094838308457708], [1.5094838308457708, 106.58411069651741, 107.67863805970148, 2.0567475124378105]], 'ys': [[2.40883977900552, 2.011049723756901, 107.42541436464089, 107.8232044198895], [107.8232044198895, 107.42541436464089, 214.0331491712707, 214.0331491712707]]}",light,FALSE,1,"(1800, 3600)",0.510272071,0.4952804,1459.925755,144.7199445
6,1,2,LD1_05_06_07_08_2022-12-02 12-38-34.mkv,99,TRUE,0.9,50,1800,"{'xs': [[2.6040111940298503, 106.58411069651741, 106.58411069651741, 1.5094838308457708], [1.5094838308457708, 106.58411069651741, 107.67863805970148, 2.0567475124378105]], 'ys': [[2.40883977900552, 2.011049723756901, 107.42541436464089, 107.8232044198895], [107.8232044198895, 107.42541436464089, 214.0331491712707, 214.0331491712707]]}",dark,FALSE,1,"(1800, 3600)",0.285952249,0.717379234,1459.180696,144.6460881
10,1,2,LD1_09_10_2022-12-02 12-58-03.mkv,99,TRUE,0.9,50,1800,"{'xs': [[2.6040111940298503, 106.58411069651741, 106.58411069651741, 1.5094838308457708], [1.5094838308457708, 106.58411069651741, 107.67863805970148, 2.0567475124378105]], 'ys': [[2.40883977900552, 2.011049723756901, 107.42541436464089, 107.8232044198895], [107.8232044198895, 107.42541436464089, 214.0331491712707, 214.0331491712707]]}",light,FALSE,1,"(1800, 3600)",0.230982787,0.769017213,1152.634261,114.258664
12,1,2,LD1_11_12_13_14_2022-12-02 13-16-43.mkv,99,TRUE,0.9,50,1800,"{'xs': [[2.6040111940298503, 106.58411069651741, 106.58411069651741, 1.5094838308457708], [1.5094838308457708, 106.58411069651741, 107.67863805970148, 2.0567475124378105]], 'ys': [[2.40883977900552, 2.011049723756901, 107.42541436464089, 107.8232044198895], [107.8232044198895, 107.42541436464089, 214.0331491712707, 214.0331491712707]]}",dark,FALSE,1,"(1800, 3600)",0.234869517,0.766240977,1503.505233,149.0399037
16,1,2,LD1_15_16_17_18_2022-12-02 13-56-02.mkv,99,TRUE,0.9,50,1800,"{'xs': [[2.6040111940298503, 106.58411069651741, 106.58411069651741, 1.5094838308457708], [1.5094838308457708, 106.58411069651741, 107.67863805970148, 2.0567475124378105]], 'ys': [[2.40883977900552, 2.011049723756901, 107.42541436464089, 107.8232044198895], [107.8232044198895, 107.42541436464089, 214.0331491712707, 214.0331491712707]]}",light,FALSE,1,"(1800, 3600)",0.373681288,0.635757912,2441.58771,242.030416
3,1,3,LD1_01_02_03_04_2022-12-02 12-19-41.mkv,99,TRUE,0.9,50,1800,"{'xs': [[1.0083165322580643, 102.05670362903226, 103.75025201612902, 1.5728326612903225], [1.5728326612903225, 103.75025201612902, 103.18573588709677, 1.5728326612903225]], 'ys': [[2.0088141025641053, 2.0088141025641053, 109.31650641025641, 108.12419871794872], [108.12419871794872, 109.31650641025641, 215.43189102564102, 215.43189102564102]]}",light,FALSE,1,"(1800, 3600)",0.221543587,0.782343143,1125.447915,112.2487354
7,1,3,LD1_05_06_07_08_2022-12-02 12-38-34.mkv,99,TRUE,0.9,50,1800,"{'xs': [[1.0083165322580643, 102.05670362903226, 103.75025201612902, 1.5728326612903225], [1.5728326612903225, 103.75025201612902, 103.18573588709677, 1.5728326612903225]], 'ys': [[2.0088141025641053, 2.0088141025641053, 109.31650641025641, 108.12419871794872], [108.12419871794872, 109.31650641025641, 215.43189102564102, 215.43189102564102]]}",dark,FALSE,1,"(1800, 3600)",0.196002221,0.819544697,908.0693083,90.56805758
13,1,3,LD1_11_12_13_14_2022-12-02 13-16-43.mkv,99,TRUE,0.9,50,1800,"{'xs': [[1.0083165322580643, 102.05670362903226, 103.75025201612902, 1.5728326612903225], [1.5728326612903225, 103.75025201612902, 103.18573588709677, 1.5728326612903225]], 'ys': [[2.0088141025641053, 2.0088141025641053, 109.31650641025641, 108.12419871794872], [108.12419871794872, 109.31650641025641, 215.43189102564102, 215.43189102564102]]}",light,FALSE,1,"(1800, 3600)",0.073292615,0.927262632,825.7357782,82.35636291
17,1,3,LD1_15_16_17_18_2022-12-02 13-56-02.mkv,99,TRUE,0.9,50,1800,"{'xs': [[1.0083165322580643, 102.05670362903226, 103.75025201612902, 1.5728326612903225], [1.5728326612903225, 103.75025201612902, 103.18573588709677, 1.5728326612903225]], 'ys': [[2.0088141025641053, 2.0088141025641053, 109.31650641025641, 108.12419871794872], [108.12419871794872, 109.31650641025641, 215.43189102564102, 215.43189102564102]]}",dark,FALSE,1,"(1800, 3600)",0.576901721,0.431982232,1495.477757,149.1543811
4,1,4,LD1_01_02_03_04_2022-12-02 12-19-41.mkv,99,TRUE,0.9,50,1800,"{'xs': [[1.0289062499999988, 100.02335069444445, 100.02335069444445, 1.0289062499999988], [1.0289062499999988, 100.02335069444445, 100.59557291666667, 1.0289062499999988]], 'ys': [[2.0066029143898074, 2.800774134790536, 109.61680327868854, 107.23428961748635], [107.23428961748635, 109.61680327868854, 216.43283242258653, 215.24157559198545]]}",light,TRUE,1,"(1800, 3600)",0.270960577,0.73514714,1559.474719,157.8535536
8,1,4,LD1_05_06_07_08_2022-12-02 12-38-34.mkv,99,TRUE,0.9,50,1800,"{'xs': [[1.0289062499999988, 100.02335069444445, 100.02335069444445, 1.0289062499999988], [1.0289062499999988, 100.02335069444445, 100.59557291666667, 1.0289062499999988]], 'ys': [[2.0066029143898074, 2.800774134790536, 109.61680327868854, 107.23428961748635], [107.23428961748635, 109.61680327868854, 216.43283242258653, 215.24157559198545]]}",light,FALSE,1,"(1800, 3600)",0.423653526,0.584119933,1230.208152,124.524448
14,1,4,LD1_11_12_13_14_2022-12-02 13-16-43.mkv,99,TRUE,0.9,50,1800,"{'xs': [[1.0289062499999988, 100.02335069444445, 100.02335069444445, 1.0289062499999988], [1.0289062499999988, 100.02335069444445, 100.59557291666667, 1.0289062499999988]], 'ys': [[2.0066029143898074, 2.800774134790536, 109.61680327868854, 107.23428961748635], [107.23428961748635, 109.61680327868854, 216.43283242258653, 215.24157559198545]]}",dark,FALSE,1,"(1800, 3600)",0.464186563,0.539700167,1270.292244,128.5818502
18,1,4,LD1_15_16_17_18_2022-12-02 13-56-02.mkv,99,TRUE,0.9,50,1800,"{'xs': [[1.0289062499999988, 100.02335069444445, 100.02335069444445, 1.0289062499999988], [1.0289062499999988, 100.02335069444445, 100.59557291666667, 1.0289062499999988]], 'ys': [[2.0066029143898074, 2.800774134790536, 109.61680327868854, 107.23428961748635], [107.23428961748635, 109.61680327868854, 216.43283242258653, 215.24157559198545]]}",dark,FALSE,1,"(1800, 3600)",0,1,605.725988,61.3129527
1,1,1,LD1_01_02_03_04_2022-12-02 12-19-41.mkv,99,TRUE,0.9,50,1800,"{'xs': [[2.1035970052083353, 103.53068033854167, 102.41609700520834, 1.5463053385416685], [1.5463053385416685, 102.41609700520834, 104.645263671875, 2.1035970052083353]], 'ys': [[0.4198895027624259, 2.011049723756901, 107.42541436464089, 107.42541436464089], [107.42541436464089, 107.42541436464089, 214.0331491712707, 214.82872928176795]]}",dark,FALSE,2,"(3600, 5400)",0.349250416,0.656302054,1374.216221,136.2456518
5,1,1,LD1_05_06_07_08_2022-12-02 12-38-34.mkv,99,TRUE,0.9,50,1800,"{'xs': [[2.1035970052083353, 103.53068033854167, 102.41609700520834, 1.5463053385416685], [1.5463053385416685, 102.41609700520834, 104.645263671875, 2.1035970052083353]], 'ys': [[0.4198895027624259, 2.011049723756901, 107.42541436464089, 107.42541436464089], [107.42541436464089, 107.42541436464089, 214.0331491712707, 214.82872928176795]]}",light,FALSE,2,"(3600, 5400)",0.067740144,0.932259856,531.3423317,52.67954286
9,1,1,LD1_09_10_2022-12-02 12-58-03.mkv,99,TRUE,0.9,50,1800,"{'xs': [[2.1035970052083353, 103.53068033854167, 102.41609700520834, 1.5463053385416685], [1.5463053385416685, 102.41609700520834, 104.645263671875, 2.1035970052083353]], 'ys': [[0.4198895027624259, 2.011049723756901, 107.42541436464089, 107.42541436464089], [107.42541436464089, 107.42541436464089, 214.0331491712707, 214.82872928176795]]}",light,FALSE,2,"(3600, 5400)",0.172126596,0.827873404,816.5925994,80.96046988
11,1,1,LD1_11_12_13_14_2022-12-02 13-16-43.mkv,99,TRUE,0.9,50,1800,"{'xs': [[2.1035970052083353, 103.53068033854167, 102.41609700520834, 1.5463053385416685], [1.5463053385416685, 102.41609700520834, 104.645263671875, 2.1035970052083353]], 'ys': [[0.4198895027624259, 2.011049723756901, 107.42541436464089, 107.42541436464089], [107.42541436464089, 107.42541436464089, 214.0331491712707, 214.82872928176795]]}",dark,FALSE,2,"(3600, 5400)",0.256524153,0.752915047,1162.50322,115.2555228
15,1,1,LD1_15_16_17_18_2022-12-02 13-56-02.mkv,99,TRUE,0.9,50,1800,"{'xs': [[2.1035970052083353, 103.53068033854167, 102.41609700520834, 1.5463053385416685], [1.5463053385416685, 102.41609700520834, 104.645263671875, 2.1035970052083353]], 'ys': [[0.4198895027624259, 2.011049723756901, 107.42541436464089, 107.42541436464089], [107.42541436464089, 107.42541436464089, 214.0331491712707, 214.82872928176795]]}",light,FALSE,2,"(3600, 5400)",0.057745697,0.946141033,1044.844561,103.5903419
2,1,2,LD1_01_02_03_04_2022-12-02 12-19-41.mkv,99,TRUE,0.9,50,1800,"{'xs': [[2.6040111940298503, 106.58411069651741, 106.58411069651741, 1.5094838308457708], [1.5094838308457708, 106.58411069651741, 107.67863805970148, 2.0567475124378105]], 'ys': [[2.40883977900552, 2.011049723756901, 107.42541436464089, 107.8232044198895], [107.8232044198895, 107.42541436464089, 214.0331491712707, 214.0331491712707]]}",light,FALSE,2,"(3600, 5400)",0.333703498,0.67240422,1191.102301,118.071935
6,1,2,LD1_05_06_07_08_2022-12-02 12-38-34.mkv,99,TRUE,0.9,50,1800,"{'xs': [[2.6040111940298503, 106.58411069651741, 106.58411069651741, 1.5094838308457708], [1.5094838308457708, 106.58411069651741, 107.67863805970148, 2.0567475124378105]], 'ys': [[2.40883977900552, 2.011049723756901, 107.42541436464089, 107.8232044198895], [107.8232044198895, 107.42541436464089, 214.0331491712707, 214.0331491712707]]}",dark,FALSE,2,"(3600, 5400)",0.461410328,0.55247085,1324.096089,131.2553819
10,1,2,LD1_09_10_2022-12-02 12-58-03.mkv,99,TRUE,0.9,50,1800,"{'xs': [[2.6040111940298503, 106.58411069651741, 106.58411069651741, 1.5094838308457708], [1.5094838308457708, 106.58411069651741, 107.67863805970148, 2.0567475124378105]], 'ys': [[2.40883977900552, 2.011049723756901, 107.42541436464089, 107.8232044198895], [107.8232044198895, 107.42541436464089, 214.0331491712707, 214.0331491712707]]}",light,FALSE,2,"(3600, 5400)",0.366463076,0.636313159,1023.305349,101.43851
12,1,2,LD1_11_12_13_14_2022-12-02 13-16-43.mkv,99,TRUE,0.9,50,1800,"{'xs': [[2.6040111940298503, 106.58411069651741, 106.58411069651741, 1.5094838308457708], [1.5094838308457708, 106.58411069651741, 107.67863805970148, 2.0567475124378105]], 'ys': [[2.40883977900552, 2.011049723756901, 107.42541436464089, 107.8232044198895], [107.8232044198895, 107.42541436464089, 214.0331491712707, 214.0331491712707]]}",dark,FALSE,2,"(3600, 5400)",0.197667962,0.80566352,1289.346866,127.8107508
16,1,2,LD1_15_16_17_18_2022-12-02 13-56-02.mkv,99,TRUE,0.9,50,1800,"{'xs': [[2.6040111940298503, 106.58411069651741, 106.58411069651741, 1.5094838308457708], [1.5094838308457708, 106.58411069651741, 107.67863805970148, 2.0567475124378105]], 'ys': [[2.40883977900552, 2.011049723756901, 107.42541436464089, 107.8232044198895], [107.8232044198895, 107.42541436464089, 214.0331491712707, 214.0331491712707]]}",light,FALSE,2,"(3600, 5400)",0.294836202,0.709050527,2049.27686,203.1413121
3,1,3,LD1_01_02_03_04_2022-12-02 12-19-41.mkv,99,TRUE,0.9,50,1800,"{'xs': [[1.0083165322580643, 102.05670362903226, 103.75025201612902, 1.5728326612903225], [1.5728326612903225, 103.75025201612902, 103.18573588709677, 1.5728326612903225]], 'ys': [[2.0088141025641053, 2.0088141025641053, 109.31650641025641, 108.12419871794872], [108.12419871794872, 109.31650641025641, 215.43189102564102, 215.43189102564102]]}",light,FALSE,2,"(3600, 5400)",0.004441977,0.99611327,591.0487348,58.94939445
7,1,3,LD1_05_06_07_08_2022-12-02 12-38-34.mkv,99,TRUE,0.9,50,1800,"{'xs': [[1.0083165322580643, 102.05670362903226, 103.75025201612902, 1.5728326612903225], [1.5728326612903225, 103.75025201612902, 103.18573588709677, 1.5728326612903225]], 'ys': [[2.0088141025641053, 2.0088141025641053, 109.31650641025641, 108.12419871794872], [108.12419871794872, 109.31650641025641, 215.43189102564102, 215.43189102564102]]}",dark,FALSE,2,"(3600, 5400)",0.008883953,0.991116047,880.2698899,87.79542855
13,1,3,LD1_11_12_13_14_2022-12-02 13-16-43.mkv,99,TRUE,0.9,50,1800,"{'xs': [[1.0083165322580643, 102.05670362903226, 103.75025201612902, 1.5728326612903225], [1.5728326612903225, 103.75025201612902, 103.18573588709677, 1.5728326612903225]], 'ys': [[2.0088141025641053, 2.0088141025641053, 109.31650641025641, 108.12419871794872], [108.12419871794872, 109.31650641025641, 215.43189102564102, 215.43189102564102]]}",light,FALSE,2,"(3600, 5400)",0.299278179,0.706829539,1311.198657,130.7749467
17,1,3,LD1_15_16_17_18_2022-12-02 13-56-02.mkv,99,TRUE,0.9,50,1800,"{'xs': [[1.0083165322580643, 102.05670362903226, 103.75025201612902, 1.5728326612903225], [1.5728326612903225, 103.75025201612902, 103.18573588709677, 1.5728326612903225]], 'ys': [[2.0088141025641053, 2.0088141025641053, 109.31650641025641, 108.12419871794872], [108.12419871794872, 109.31650641025641, 215.43189102564102, 215.43189102564102]]}",dark,FALSE,2,"(3600, 5400)",0.15047196,0.875624653,1194.440186,119.1298137
4,1,4,LD1_01_02_03_04_2022-12-02 12-19-41.mkv,99,TRUE,0.9,50,1800,"{'xs': [[1.0289062499999988, 100.02335069444445, 100.02335069444445, 1.0289062499999988], [1.0289062499999988, 100.02335069444445, 100.59557291666667, 1.0289062499999988]], 'ys': [[2.0066029143898074, 2.800774134790536, 109.61680327868854, 107.23428961748635], [107.23428961748635, 109.61680327868854, 216.43283242258653, 215.24157559198545]]}",light,FALSE,2,"(3600, 5400)",0.647973348,0.352026652,1076.835069,108.999678
8,1,4,LD1_05_06_07_08_2022-12-02 12-38-34.mkv,99,TRUE,0.9,50,1800,"{'xs': [[1.0289062499999988, 100.02335069444445, 100.02335069444445, 1.0289062499999988], [1.0289062499999988, 100.02335069444445, 100.59557291666667, 1.0289062499999988]], 'ys': [[2.0066029143898074, 2.800774134790536, 109.61680327868854, 107.23428961748635], [107.23428961748635, 109.61680327868854, 216.43283242258653, 215.24157559198545]]}",light,FALSE,2,"(3600, 5400)",0.375902277,0.624652971,1081.508188,109.4727016
14,1,4,LD1_11_12_13_14_2022-12-02 13-16-43.mkv,99,TRUE,0.9,50,1800,"{'xs': [[1.0289062499999988, 100.02335069444445, 100.02335069444445, 1.0289062499999988], [1.0289062499999988, 100.02335069444445, 100.59557291666667, 1.0289062499999988]], 'ys': [[2.0066029143898074, 2.800774134790536, 109.61680327868854, 107.23428961748635], [107.23428961748635, 109.61680327868854, 216.43283242258653, 215.24157559198545]]}",dark,FALSE,2,"(3600, 5400)",0.164908384,0.835091616,890.6695237,90.15558101
18,1,4,LD1_15_16_17_18_2022-12-02 13-56-02.mkv,99,TRUE,0.9,50,1800,"{'xs': [[1.0289062499999988, 100.02335069444445, 100.02335069444445, 1.0289062499999988], [1.0289062499999988, 100.02335069444445, 100.59557291666667, 1.0289062499999988]], 'ys': [[2.0066029143898074, 2.800774134790536, 109.61680327868854, 107.23428961748635], [107.23428961748635, 109.61680327868854, 216.43283242258653, 215.24157559198545]]}",dark,FALSE,2,"(3600, 5400)",0.178789561,0.823431427,846.1174514,85.64591961
1,1,1,LD1_01_02_03_04_2022-12-02 12-19-41.mkv,99,TRUE,0.9,50,1800,"{'xs': [[2.1035970052083353, 103.53068033854167, 102.41609700520834, 1.5463053385416685], [1.5463053385416685, 102.41609700520834, 104.645263671875, 2.1035970052083353]], 'ys': [[0.4198895027624259, 2.011049723756901, 107.42541436464089, 107.42541436464089], [107.42541436464089, 107.42541436464089, 214.0331491712707, 214.82872928176795]]}",dark,FALSE,3,"(5400, 7200)",0.461965575,0.540255414,1092.663677,108.3313329
5,1,1,LD1_05_06_07_08_2022-12-02 12-38-34.mkv,99,TRUE,0.9,50,1800,"{'xs': [[2.1035970052083353, 103.53068033854167, 102.41609700520834, 1.5463053385416685], [1.5463053385416685, 102.41609700520834, 104.645263671875, 2.1035970052083353]], 'ys': [[0.4198895027624259, 2.011049723756901, 107.42541436464089, 107.42541436464089], [107.42541436464089, 107.42541436464089, 214.0331491712707, 214.82872928176795]]}",light,FALSE,3,"(5400, 7200)",0.054969461,0.945030539,452.5865165,44.87135576
9,1,1,LD1_09_10_2022-12-02 12-58-03.mkv,99,TRUE,0.9,50,1800,"{'xs': [[2.1035970052083353, 103.53068033854167, 102.41609700520834, 1.5463053385416685], [1.5463053385416685, 102.41609700520834, 104.645263671875, 2.1035970052083353]], 'ys': [[0.4198895027624259, 2.011049723756901, 107.42541436464089, 107.42541436464089], [107.42541436464089, 107.42541436464089, 214.0331491712707, 214.82872928176795]]}",light,FALSE,3,"(5400, 7200)",0,1,667.1403982,66.14314183
11,1,1,LD1_11_12_13_14_2022-12-02 13-16-43.mkv,99,TRUE,0.9,50,1800,"{'xs': [[2.1035970052083353, 103.53068033854167, 102.41609700520834, 1.5463053385416685], [1.5463053385416685, 102.41609700520834, 104.645263671875, 2.1035970052083353]], 'ys': [[0.4198895027624259, 2.011049723756901, 107.42541436464089, 107.42541436464089], [107.42541436464089, 107.42541436464089, 214.0331491712707, 214.82872928176795]]}",dark,FALSE,3,"(5400, 7200)",0.712937257,0.288728484,951.0107365,94.28725677
15,1,1,LD1_15_16_17_18_2022-12-02 13-56-02.mkv,99,TRUE,0.9,50,1800,"{'xs': [[2.1035970052083353, 103.53068033854167, 102.41609700520834, 1.5463053385416685], [1.5463053385416685, 102.41609700520834, 104.645263671875, 2.1035970052083353]], 'ys': [[0.4198895027624259, 2.011049723756901, 107.42541436464089, 107.42541436464089], [107.42541436464089, 107.42541436464089, 214.0331491712707, 214.82872928176795]]}",light,FALSE,3,"(5400, 7200)",0,1,545.8766005,54.12053221
2,1,2,LD1_01_02_03_04_2022-12-02 12-19-41.mkv,99,TRUE,0.9,50,1800,"{'xs': [[2.6040111940298503, 106.58411069651741, 106.58411069651741, 1.5094838308457708], [1.5094838308457708, 106.58411069651741, 107.67863805970148, 2.0567475124378105]], 'ys': [[2.40883977900552, 2.011049723756901, 107.42541436464089, 107.8232044198895], [107.8232044198895, 107.42541436464089, 214.0331491712707, 214.0331491712707]]}",light,FALSE,3,"(5400, 7200)",0.213770128,0.787340366,851.0799759,84.36610317
6,1,2,LD1_05_06_07_08_2022-12-02 12-38-34.mkv,99,TRUE,0.9,50,1800,"{'xs': [[2.6040111940298503, 106.58411069651741, 106.58411069651741, 1.5094838308457708], [1.5094838308457708, 106.58411069651741, 107.67863805970148, 2.0567475124378105]], 'ys': [[2.40883977900552, 2.011049723756901, 107.42541436464089, 107.8232044198895], [107.8232044198895, 107.42541436464089, 214.0331491712707, 214.0331491712707]]}",dark,FALSE,3,"(5400, 7200)",0.516935036,0.485841199,1275.621973,126.4502256
10,1,2,LD1_09_10_2022-12-02 12-58-03.mkv,99,TRUE,0.9,50,1800,"{'xs': [[2.6040111940298503, 106.58411069651741, 106.58411069651741, 1.5094838308457708], [1.5094838308457708, 106.58411069651741, 107.67863805970148, 2.0567475124378105]], 'ys': [[2.40883977900552, 2.011049723756901, 107.42541436464089, 107.8232044198895], [107.8232044198895, 107.42541436464089, 214.0331491712707, 214.0331491712707]]}",light,FALSE,3,"(5400, 7200)",0.041643531,0.958911716,712.0326806,70.58258247
12,1,2,LD1_11_12_13_14_2022-12-02 13-16-43.mkv,99,TRUE,0.9,50,1800,"{'xs': [[2.6040111940298503, 106.58411069651741, 106.58411069651741, 1.5094838308457708], [1.5094838308457708, 106.58411069651741, 107.67863805970148, 2.0567475124378105]], 'ys': [[2.40883977900552, 2.011049723756901, 107.42541436464089, 107.8232044198895], [107.8232044198895, 107.42541436464089, 214.0331491712707, 214.0331491712707]]}",dark,FALSE,3,"(5400, 7200)",0.167129373,0.833981122,965.0292664,95.66170156
16,1,2,LD1_15_16_17_18_2022-12-02 13-56-02.mkv,99,TRUE,0.9,50,1800,"{'xs': [[2.6040111940298503, 106.58411069651741, 106.58411069651741, 1.5094838308457708], [1.5094838308457708, 106.58411069651741, 107.67863805970148, 2.0567475124378105]], 'ys': [[2.40883977900552, 2.011049723756901, 107.42541436464089, 107.8232044198895], [107.8232044198895, 107.42541436464089, 214.0331491712707, 214.0331491712707]]}",light,FALSE,3,"(5400, 7200)",0.333703498,0.666851749,1809.948349,179.4170859
3,1,3,LD1_01_02_03_04_2022-12-02 12-19-41.mkv,99,TRUE,0.9,50,1800,"{'xs': [[1.0083165322580643, 102.05670362903226, 103.75025201612902, 1.5728326612903225], [1.5728326612903225, 103.75025201612902, 103.18573588709677, 1.5728326612903225]], 'ys': [[2.0088141025641053, 2.0088141025641053, 109.31650641025641, 108.12419871794872], [108.12419871794872, 109.31650641025641, 215.43189102564102, 215.43189102564102]]}",light,FALSE,3,"(5400, 7200)",0.049416991,0.955024986,722.0776535,72.01781835
7,1,3,LD1_05_06_07_08_2022-12-02 12-38-34.mkv,99,TRUE,0.9,50,1800,"{'xs': [[1.0083165322580643, 102.05670362903226, 103.75025201612902, 1.5728326612903225], [1.5728326612903225, 103.75025201612902, 103.18573588709677, 1.5728326612903225]], 'ys': [[2.0088141025641053, 2.0088141025641053, 109.31650641025641, 108.12419871794872], [108.12419871794872, 109.31650641025641, 215.43189102564102, 215.43189102564102]]}",dark,FALSE,3,"(5400, 7200)",0.517490283,0.484175458,1136.55693,113.3567146
13,1,3,LD1_11_12_13_14_2022-12-02 13-16-43.mkv,99,TRUE,0.9,50,1800,"{'xs': [[1.0083165322580643, 102.05670362903226, 103.75025201612902, 1.5728326612903225], [1.5728326612903225, 103.75025201612902, 103.18573588709677, 1.5728326612903225]], 'ys': [[2.0088141025641053, 2.0088141025641053, 109.31650641025641, 108.12419871794872], [108.12419871794872, 109.31650641025641, 215.43189102564102, 215.43189102564102]]}",light,FALSE,3,"(5400, 7200)",0.077734592,0.922265408,1195.362198,119.2217724
17,1,3,LD1_15_16_17_18_2022-12-02 13-56-02.mkv,99,TRUE,0.9,50,1800,"{'xs': [[1.0083165322580643, 102.05670362903226, 103.75025201612902, 1.5728326612903225], [1.5728326612903225, 103.75025201612902, 103.18573588709677, 1.5728326612903225]], 'ys': [[2.0088141025641053, 2.0088141025641053, 109.31650641025641, 108.12419871794872], [108.12419871794872, 109.31650641025641, 215.43189102564102, 215.43189102564102]]}",dark,FALSE,3,"(5400, 7200)",0.149916713,0.850083287,953.102973,95.05957766
4,1,4,LD1_01_02_03_04_2022-12-02 12-19-41.mkv,99,TRUE,0.9,50,1800,"{'xs': [[1.0289062499999988, 100.02335069444445, 100.02335069444445, 1.0289062499999988], [1.0289062499999988, 100.02335069444445, 100.59557291666667, 1.0289062499999988]], 'ys': [[2.0066029143898074, 2.800774134790536, 109.61680327868854, 107.23428961748635], [107.23428961748635, 109.61680327868854, 216.43283242258653, 215.24157559198545]]}",light,FALSE,3,"(5400, 7200)",0.419766796,0.581343698,1370.939341,138.7695767
8,1,4,LD1_05_06_07_08_2022-12-02 12-38-34.mkv,99,TRUE,0.9,50,1800,"{'xs': [[1.0289062499999988, 100.02335069444445, 100.02335069444445, 1.0289062499999988], [1.0289062499999988, 100.02335069444445, 100.59557291666667, 1.0289062499999988]], 'ys': [[2.0066029143898074, 2.800774134790536, 109.61680327868854, 107.23428961748635], [107.23428961748635, 109.61680327868854, 216.43283242258653, 215.24157559198545]]}",light,FALSE,3,"(5400, 7200)",0.346474181,0.653525819,928.9595646,94.03138544
14,1,4,LD1_11_12_13_14_2022-12-02 13-16-43.mkv,99,TRUE,0.9,50,1800,"{'xs': [[1.0289062499999988, 100.02335069444445, 100.02335069444445, 1.0289062499999988], [1.0289062499999988, 100.02335069444445, 100.59557291666667, 1.0289062499999988]], 'ys': [[2.0066029143898074, 2.800774134790536, 109.61680327868854, 107.23428961748635], [107.23428961748635, 109.61680327868854, 216.43283242258653, 215.24157559198545]]}",dark,FALSE,3,"(5400, 7200)",0.225430316,0.774569684,1001.877945,101.4123486
18,1,4,LD1_15_16_17_18_2022-12-02 13-56-02.mkv,99,TRUE,0.9,50,1800,"{'xs': [[1.0289062499999988, 100.02335069444445, 100.02335069444445, 1.0289062499999988], [1.0289062499999988, 100.02335069444445, 100.59557291666667, 1.0289062499999988]], 'ys': [[2.0066029143898074, 2.800774134790536, 109.61680327868854, 107.23428961748635], [107.23428961748635, 109.61680327868854, 216.43283242258653, 215.24157559198545]]}",dark,FALSE,3,"(5400, 7200)",0,1,640.2471543,64.80726313
1,1,1,LD1_01_02_03_04_2022-12-02 12-19-41.mkv,99,TRUE,0.9,50,1800,"{'xs': [[2.1035970052083353, 103.53068033854167, 102.41609700520834, 1.5463053385416685], [1.5463053385416685, 102.41609700520834, 104.645263671875, 2.1035970052083353]], 'ys': [[0.4198895027624259, 2.011049723756901, 107.42541436464089, 107.42541436464089], [107.42541436464089, 107.42541436464089, 214.0331491712707, 214.82872928176795]]}",dark,FALSE,4,"(7200, 9000)",0.11,0.890555556,1128.475773,111.8818966
5,1,1,LD1_05_06_07_08_2022-12-02 12-38-34.mkv,99,TRUE,0.9,50,1800,"{'xs': [[2.1035970052083353, 103.53068033854167, 102.41609700520834, 1.5463053385416685], [1.5463053385416685, 102.41609700520834, 104.645263671875, 2.1035970052083353]], 'ys': [[0.4198895027624259, 2.011049723756901, 107.42541436464089, 107.42541436464089], [107.42541436464089, 107.42541436464089, 214.0331491712707, 214.82872928176795]]}",light,FALSE,4,"(7200, 9000)",0.095555556,0.905555556,946.8073031,93.87051047
9,1,1,LD1_09_10_2022-12-02 12-58-03.mkv,99,TRUE,0.9,50,1800,"{'xs': [[2.1035970052083353, 103.53068033854167, 102.41609700520834, 1.5463053385416685], [1.5463053385416685, 102.41609700520834, 104.645263671875, 2.1035970052083353]], 'ys': [[0.4198895027624259, 2.011049723756901, 107.42541436464089, 107.42541436464089], [107.42541436464089, 107.42541436464089, 214.0331491712707, 214.82872928176795]]}",light,FALSE,4,"(7200, 9000)",0.31,0.69,1046.993883,103.8034349
11,1,1,LD1_11_12_13_14_2022-12-02 13-16-43.mkv,99,TRUE,0.9,50,1800,"{'xs': [[2.1035970052083353, 103.53068033854167, 102.41609700520834, 1.5463053385416685], [1.5463053385416685, 102.41609700520834, 104.645263671875, 2.1035970052083353]], 'ys': [[0.4198895027624259, 2.011049723756901, 107.42541436464089, 107.42541436464089], [107.42541436464089, 107.42541436464089, 214.0331491712707, 214.82872928176795]]}",dark,FALSE,4,"(7200, 9000)",0.8,0.200555556,1031.099458,102.2275939
15,1,1,LD1_15_16_17_18_2022-12-02 13-56-02.mkv,99,TRUE,0.9,50,1800,"{'xs': [[2.1035970052083353, 103.53068033854167, 102.41609700520834, 1.5463053385416685], [1.5463053385416685, 102.41609700520834, 104.645263671875, 2.1035970052083353]], 'ys': [[0.4198895027624259, 2.011049723756901, 107.42541436464089, 107.42541436464089], [107.42541436464089, 107.42541436464089, 214.0331491712707, 214.82872928176795]]}",light,FALSE,4,"(7200, 9000)",0.24,0.760555556,1453.306154,144.0869647
2,1,2,LD1_01_02_03_04_2022-12-02 12-19-41.mkv,99,TRUE,0.9,50,1800,"{'xs': [[2.6040111940298503, 106.58411069651741, 106.58411069651741, 1.5094838308457708], [1.5094838308457708, 106.58411069651741, 107.67863805970148, 2.0567475124378105]], 'ys': [[2.40883977900552, 2.011049723756901, 107.42541436464089, 107.8232044198895], [107.8232044198895, 107.42541436464089, 214.0331491712707, 214.0331491712707]]}",light,FALSE,4,"(7200, 9000)",0.321111111,0.687777778,1398.823999,138.6630319
6,1,2,LD1_05_06_07_08_2022-12-02 12-38-34.mkv,99,TRUE,0.9,50,1800,"{'xs': [[2.6040111940298503, 106.58411069651741, 106.58411069651741, 1.5094838308457708], [1.5094838308457708, 106.58411069651741, 107.67863805970148, 2.0567475124378105]], 'ys': [[2.40883977900552, 2.011049723756901, 107.42541436464089, 107.8232044198895], [107.8232044198895, 107.42541436464089, 214.0331491712707, 214.0331491712707]]}",dark,FALSE,4,"(7200, 9000)",0.078888889,0.930555556,930.0252805,92.19181626
10,1,2,LD1_09_10_2022-12-02 12-58-03.mkv,99,TRUE,0.9,50,1800,"{'xs': [[2.6040111940298503, 106.58411069651741, 106.58411069651741, 1.5094838308457708], [1.5094838308457708, 106.58411069651741, 107.67863805970148, 2.0567475124378105]], 'ys': [[2.40883977900552, 2.011049723756901, 107.42541436464089, 107.8232044198895], [107.8232044198895, 107.42541436464089, 214.0331491712707, 214.0331491712707]]}",light,FALSE,4,"(7200, 9000)",0.156111111,0.843888889,724.6691932,71.83521837
12,1,2,LD1_11_12_13_14_2022-12-02 13-16-43.mkv,99,TRUE,0.9,50,1800,"{'xs': [[2.6040111940298503, 106.58411069651741, 106.58411069651741, 1.5094838308457708], [1.5094838308457708, 106.58411069651741, 107.67863805970148, 2.0567475124378105]], 'ys': [[2.40883977900552, 2.011049723756901, 107.42541436464089, 107.8232044198895], [107.8232044198895, 107.42541436464089, 214.0331491712707, 214.0331491712707]]}",dark,FALSE,4,"(7200, 9000)",0.081666667,0.923333333,1007.075499,99.82967269
16,1,2,LD1_15_16_17_18_2022-12-02 13-56-02.mkv,99,TRUE,0.9,50,1800,"{'xs': [[2.6040111940298503, 106.58411069651741, 106.58411069651741, 1.5094838308457708], [1.5094838308457708, 106.58411069651741, 107.67863805970148, 2.0567475124378105]], 'ys': [[2.40883977900552, 2.011049723756901, 107.42541436464089, 107.8232044198895], [107.8232044198895, 107.42541436464089, 214.0331491712707, 214.0331491712707]]}",light,FALSE,4,"(7200, 9000)",0.467777778,0.535,1677.555727,166.2932316
3,1,3,LD1_01_02_03_04_2022-12-02 12-19-41.mkv,99,TRUE,0.9,50,1800,"{'xs': [[1.0083165322580643, 102.05670362903226, 103.75025201612902, 1.5728326612903225], [1.5728326612903225, 103.75025201612902, 103.18573588709677, 1.5728326612903225]], 'ys': [[2.0088141025641053, 2.0088141025641053, 109.31650641025641, 108.12419871794872], [108.12419871794872, 109.31650641025641, 215.43189102564102, 215.43189102564102]]}",light,FALSE,4,"(7200, 9000)",0.001111111,1,920.6578069,91.82359596
7,1,3,LD1_05_06_07_08_2022-12-02 12-38-34.mkv,99,TRUE,0.9,50,1800,"{'xs': [[1.0083165322580643, 102.05670362903226, 103.75025201612902, 1.5728326612903225], [1.5728326612903225, 103.75025201612902, 103.18573588709677, 1.5728326612903225]], 'ys': [[2.0088141025641053, 2.0088141025641053, 109.31650641025641, 108.12419871794872], [108.12419871794872, 109.31650641025641, 215.43189102564102, 215.43189102564102]]}",dark,FALSE,4,"(7200, 9000)",0,1,410.5931834,40.95130926
13,1,3,LD1_11_12_13_14_2022-12-02 13-16-43.mkv,99,TRUE,0.9,50,1800,"{'xs': [[1.0083165322580643, 102.05670362903226, 103.75025201612902, 1.5728326612903225], [1.5728326612903225, 103.75025201612902, 103.18573588709677, 1.5728326612903225]], 'ys': [[2.0088141025641053, 2.0088141025641053, 109.31650641025641, 108.12419871794872], [108.12419871794872, 109.31650641025641, 215.43189102564102, 215.43189102564102]]}",light,FALSE,4,"(7200, 9000)",0.232777778,0.768333333,984.0934958,98.15047769
17,1,3,LD1_15_16_17_18_2022-12-02 13-56-02.mkv,99,TRUE,0.9,50,1800,"{'xs': [[1.0083165322580643, 102.05670362903226, 103.75025201612902, 1.5728326612903225], [1.5728326612903225, 103.75025201612902, 103.18573588709677, 1.5728326612903225]], 'ys': [[2.0088141025641053, 2.0088141025641053, 109.31650641025641, 108.12419871794872], [108.12419871794872, 109.31650641025641, 215.43189102564102, 215.43189102564102]]}",dark,FALSE,4,"(7200, 9000)",0.371111111,0.628888889,1009.055566,100.6401183
4,1,4,LD1_01_02_03_04_2022-12-02 12-19-41.mkv,99,TRUE,0.9,50,1800,"{'xs': [[1.0289062499999988, 100.02335069444445, 100.02335069444445, 1.0289062499999988], [1.0289062499999988, 100.02335069444445, 100.59557291666667, 1.0289062499999988]], 'ys': [[2.0066029143898074, 2.800774134790536, 109.61680327868854, 107.23428961748635], [107.23428961748635, 109.61680327868854, 216.43283242258653, 215.24157559198545]]}",light,FALSE,4,"(7200, 9000)",0.467777778,0.533333333,1214.348901,122.9191387
8,1,4,LD1_05_06_07_08_2022-12-02 12-38-34.mkv,99,TRUE,0.9,50,1800,"{'xs': [[1.0289062499999988, 100.02335069444445, 100.02335069444445, 1.0289062499999988], [1.0289062499999988, 100.02335069444445, 100.59557291666667, 1.0289062499999988]], 'ys': [[2.0066029143898074, 2.800774134790536, 109.61680327868854, 107.23428961748635], [107.23428961748635, 109.61680327868854, 216.43283242258653, 215.24157559198545]]}",light,FALSE,4,"(7200, 9000)",0.537222222,0.466666667,1099.844521,111.3287467
14,1,4,LD1_11_12_13_14_2022-12-02 13-16-43.mkv,99,TRUE,0.9,50,1800,"{'xs': [[1.0289062499999988, 100.02335069444445, 100.02335069444445, 1.0289062499999988], [1.0289062499999988, 100.02335069444445, 100.59557291666667, 1.0289062499999988]], 'ys': [[2.0066029143898074, 2.800774134790536, 109.61680327868854, 107.23428961748635], [107.23428961748635, 109.61680327868854, 216.43283242258653, 215.24157559198545]]}",dark,FALSE,4,"(7200, 9000)",0.445,0.556666667,1134.055771,114.7916868
18,1,4,LD1_15_16_17_18_2022-12-02 13-56-02.mkv,99,TRUE,0.9,50,1800,"{'xs': [[1.0289062499999988, 100.02335069444445, 100.02335069444445, 1.0289062499999988], [1.0289062499999988, 100.02335069444445, 100.59557291666667, 1.0289062499999988]], 'ys': [[2.0066029143898074, 2.800774134790536, 109.61680327868854, 107.23428961748635], [107.23428961748635, 109.61680327868854, 216.43283242258653, 215.24157559198545]]}",dark,FALSE,4,"(7200, 9000)",0.228333333,0.773888889,1025.643208,103.8179223
1,2,1,LD2_01_02_03_04_2022-12-09 15-05-32.mkv,99,TRUE,0.9,50,1800,"{'xs': [[0.9798076923076918, 105.65673076923078, 105.65673076923078, 1.5336538461538456], [1.5336538461538456, 105.65673076923078, 105.65673076923078, 0.9798076923076918]], 'ys': [[1.217013888888912, 0.8188657407407639, 107.12442129629632, 107.12442129629632], [107.12442129629632, 107.12442129629632, 213.03182870370372, 213.03182870370372]]}",light,FALSE,0,"(0, 1800)",0.15991116,0.842865075,1004.827397,100.9502656
5,2,1,LD2_05_06_07_08_2022-12-09 15-17-14.mkv,99,TRUE,0.9,50,1800,"{'xs': [[0.9798076923076918, 105.65673076923078, 105.65673076923078, 1.5336538461538456], [1.5336538461538456, 105.65673076923078, 105.65673076923078, 0.9798076923076918]], 'ys': [[1.217013888888912, 0.8188657407407639, 107.12442129629632, 107.12442129629632], [107.12442129629632, 107.12442129629632, 213.03182870370372, 213.03182870370372]]}",light,FALSE,0,"(0, 1800)",0.817878956,0.187118268,1499.283649,150.6259514
9,2,1,LD2_09_10_2022-12-09 15-35-16.mkv,99,TRUE,0.9,50,1800,"{'xs': [[0.9798076923076918, 105.65673076923078, 105.65673076923078, 1.5336538461538456], [1.5336538461538456, 105.65673076923078, 105.65673076923078, 0.9798076923076918]], 'ys': [[1.217013888888912, 0.8188657407407639, 107.12442129629632, 107.12442129629632], [107.12442129629632, 107.12442129629632, 213.03182870370372, 213.03182870370372]]}",dark,FALSE,0,"(0, 1800)",0.823431427,0.179344808,1200.61502,120.6201239
11,2,1,LD2_11_12_13_14_2022-12-09 15-53-53.mkv,99,TRUE,0.9,50,1800,"{'xs': [[0.9798076923076918, 105.65673076923078, 105.65673076923078, 1.5336538461538456], [1.5336538461538456, 105.65673076923078, 105.65673076923078, 0.9798076923076918]], 'ys': [[1.217013888888912, 0.8188657407407639, 107.12442129629632, 107.12442129629632], [107.12442129629632, 107.12442129629632, 213.03182870370372, 213.03182870370372]]}",light,FALSE,0,"(0, 1800)",0.604108828,0.399777901,1526.298066,153.3399623
15,2,1,LD2_15_16_17_18_2022-12-09 16-09-00.mkv,99,TRUE,0.9,50,1800,"{'xs': [[0.9798076923076918, 105.65673076923078, 105.65673076923078, 1.5336538461538456], [1.5336538461538456, 105.65673076923078, 105.65673076923078, 0.9798076923076918]], 'ys': [[1.217013888888912, 0.8188657407407639, 107.12442129629632, 107.12442129629632], [107.12442129629632, 107.12442129629632, 213.03182870370372, 213.03182870370372]]}",dark,FALSE,0,"(0, 1800)",0.61521377,0.387007218,1742.848081,175.0957202
2,2,2,LD2_01_02_03_04_2022-12-09 15-05-32.mkv,99,TRUE,0.9,50,1800,"{'xs': [[0.9622201492537311, 106.58411069651741, 106.03684701492537, 0.4149564676616913], [0.4149564676616913, 106.03684701492537, 107.67863805970148, 2.0567475124378105]], 'ys': [[1.2154696132596634, 0.8176795580110447, 108.22099447513811, 108.61878453038673], [108.61878453038673, 108.22099447513811, 214.0331491712707, 214.0331491712707]]}",dark,FALSE,0,"(0, 1800)",0.255968906,0.753470294,1227.823508,121.7278831
6,2,2,LD2_05_06_07_08_2022-12-09 15-17-14.mkv,99,TRUE,0.9,50,1800,"{'xs': [[0.9622201492537311, 106.58411069651741, 106.03684701492537, 0.4149564676616913], [0.4149564676616913, 106.03684701492537, 107.67863805970148, 2.0567475124378105]], 'ys': [[1.2154696132596634, 0.8176795580110447, 108.22099447513811, 108.61878453038673], [108.61878453038673, 108.22099447513811, 214.0331491712707, 214.0331491712707]]}",light,FALSE,0,"(0, 1800)",0.232648529,0.777345919,1081.136925,107.1852007
10,2,2,LD2_09_10_2022-12-09 15-35-16.mkv,99,TRUE,0.9,50,1800,"{'xs': [[0.9622201492537311, 106.58411069651741, 106.03684701492537, 0.4149564676616913], [0.4149564676616913, 106.03684701492537, 107.67863805970148, 2.0567475124378105]], 'ys': [[1.2154696132596634, 0.8176795580110447, 108.22099447513811, 108.61878453038673], [108.61878453038673, 108.22099447513811, 214.0331491712707, 214.0331491712707]]}",light,FALSE,0,"(0, 1800)",0.697390339,0.30483065,1444.860916,143.2452297
12,2,2,LD2_11_12_13_14_2022-12-09 15-53-53.mkv,99,TRUE,0.9,50,1800,"{'xs': [[0.9622201492537311, 106.58411069651741, 106.03684701492537, 0.4149564676616913], [0.4149564676616913, 106.03684701492537, 107.67863805970148, 2.0567475124378105]], 'ys': [[1.2154696132596634, 0.8176795580110447, 108.22099447513811, 108.61878453038673], [108.61878453038673, 108.22099447513811, 214.0331491712707, 214.0331491712707]]}",light,FALSE,0,"(0, 1800)",0.655746807,0.34480844,1352.292192,134.0678564
16,2,2,LD2_15_16_17_18_2022-12-09 16-09-00.mkv,99,TRUE,0.9,50,1800,"{'xs': [[0.9622201492537311, 106.58411069651741, 106.03684701492537, 0.4149564676616913], [0.4149564676616913, 106.03684701492537, 107.67863805970148, 2.0567475124378105]], 'ys': [[1.2154696132596634, 0.8176795580110447, 108.22099447513811, 108.61878453038673], [108.61878453038673, 108.22099447513811, 214.0331491712707, 214.0331491712707]]}",light,FALSE,0,"(0, 1800)",0.649083842,0.354802887,1982.646281,196.5619106
3,2,3,LD2_01_02_03_04_2022-12-09 15-05-32.mkv,99,TRUE,0.9,50,1800,"{'xs': [[1.0397245762711866, 100.73463983050847, 100.73463983050847, 1.0397245762711866], [1.0397245762711866, 100.73463983050847, 99.00582627118644, 0.4634533898305087]], 'ys': [[1.611378205128208, 3.598557692307695, 110.5088141025641, 109.31650641025641], [109.31650641025641, 110.5088141025641, 215.43189102564102, 215.43189102564102]]}",dark,FALSE,0,"(0, 1800)",0.448084398,0.556357579,1790.48909,179.1295173
7,2,3,LD2_05_06_07_08_2022-12-09 15-17-14.mkv,99,TRUE,0.9,50,1800,"{'xs': [[1.0397245762711866, 100.73463983050847, 100.73463983050847, 1.0397245762711866], [1.0397245762711866, 100.73463983050847, 99.00582627118644, 0.4634533898305087]], 'ys': [[1.611378205128208, 3.598557692307695, 110.5088141025641, 109.31650641025641], [109.31650641025641, 110.5088141025641, 215.43189102564102, 215.43189102564102]]}",dark,FALSE,0,"(0, 1800)",0.541365908,0.463631316,2051.871353,205.2795111
13,2,3,LD2_11_12_13_14_2022-12-09 15-53-53.mkv,99,TRUE,0.9,50,1800,"{'xs': [[1.0397245762711866, 100.73463983050847, 100.73463983050847, 1.0397245762711866], [1.0397245762711866, 100.73463983050847, 99.00582627118644, 0.4634533898305087]], 'ys': [[1.611378205128208, 3.598557692307695, 110.5088141025641, 109.31650641025641], [109.31650641025641, 110.5088141025641, 215.43189102564102, 215.43189102564102]]}",dark,FALSE,0,"(0, 1800)",0.435313715,0.576346474,1613.497601,161.4224002
17,2,3,LD2_15_16_17_18_2022-12-09 16-09-00.mkv,99,TRUE,0.9,50,1800,"{'xs': [[1.0397245762711866, 100.73463983050847, 100.73463983050847, 1.0397245762711866], [1.0397245762711866, 100.73463983050847, 99.00582627118644, 0.4634533898305087]], 'ys': [[1.611378205128208, 3.598557692307695, 110.5088141025641, 109.31650641025641], [109.31650641025641, 110.5088141025641, 215.43189102564102, 215.43189102564102]]}",light,FALSE,0,"(0, 1800)",0.656857301,0.352581899,1858.421858,185.9258524
4,2,4,LD2_01_02_03_04_2022-12-09 15-05-32.mkv,99,TRUE,0.9,50,1800,"{'xs': [[2.6810515873015883, 104.19427910052912, 104.19427910052912, 0.9985119047619057], [0.9985119047619057, 104.19427910052912, 103.63343253968254, 1.5593584656084665]], 'ys': [[1.217013888888912, 1.61516203703706, 108.71701388888891, 107.12442129629632], [107.12442129629632, 108.71701388888891, 214.22627314814818, 212.63368055555557]]}",dark,FALSE,0,"(0, 1800)",0.803997779,0.197667962,1687.805683,170.0463508
8,2,4,LD2_05_06_07_08_2022-12-09 15-17-14.mkv,99,TRUE,0.9,50,1800,"{'xs': [[2.6810515873015883, 104.19427910052912, 104.19427910052912, 0.9985119047619057], [0.9985119047619057, 104.19427910052912, 103.63343253968254, 1.5593584656084665]], 'ys': [[1.217013888888912, 1.61516203703706, 108.71701388888891, 107.12442129629632], [107.12442129629632, 108.71701388888891, 214.22627314814818, 212.63368055555557]]}",light,FALSE,0,"(0, 1800)",0.664630761,0.335924486,1743.991531,175.7070726
14,2,4,LD2_11_12_13_14_2022-12-09 15-53-53.mkv,99,TRUE,0.9,50,1800,"{'xs': [[2.6810515873015883, 104.19427910052912, 104.19427910052912, 0.9985119047619057], [0.9985119047619057, 104.19427910052912, 103.63343253968254, 1.5593584656084665]], 'ys': [[1.217013888888912, 1.61516203703706, 108.71701388888891, 107.12442129629632], [107.12442129629632, 108.71701388888891, 214.22627314814818, 212.63368055555557]]}",dark,FALSE,0,"(0, 1800)",0.061077179,0.947806774,965.9831104,97.32275732
18,2,4,LD2_15_16_17_18_2022-12-09 16-09-00.mkv,99,TRUE,0.9,50,1800,"{'xs': [[2.6810515873015883, 104.19427910052912, 104.19427910052912, 0.9985119047619057], [0.9985119047619057, 104.19427910052912, 103.63343253968254, 1.5593584656084665]], 'ys': [[1.217013888888912, 1.61516203703706, 108.71701388888891, 107.12442129629632], [107.12442129629632, 108.71701388888891, 214.22627314814818, 212.63368055555557]]}",dark,FALSE,0,"(0, 1800)",0.353137146,0.649083842,1441.27269,145.2081623
1,2,1,LD2_01_02_03_04_2022-12-09 15-05-32.mkv,99,TRUE,0.9,50,1800,"{'xs': [[0.9798076923076918, 105.65673076923078, 105.65673076923078, 1.5336538461538456], [1.5336538461538456, 105.65673076923078, 105.65673076923078, 0.9798076923076918]], 'ys': [[1.217013888888912, 0.8188657407407639, 107.12442129629632, 107.12442129629632], [107.12442129629632, 107.12442129629632, 213.03182870370372, 213.03182870370372]]}",light,FALSE,1,"(1800, 3600)",0,1,626.1912517,62.91047933
5,2,1,LD2_05_06_07_08_2022-12-09 15-17-14.mkv,99,TRUE,0.9,50,1800,"{'xs': [[0.9798076923076918, 105.65673076923078, 105.65673076923078, 1.5336538461538456], [1.5336538461538456, 105.65673076923078, 105.65673076923078, 0.9798076923076918]], 'ys': [[1.217013888888912, 0.8188657407407639, 107.12442129629632, 107.12442129629632], [107.12442129629632, 107.12442129629632, 213.03182870370372, 213.03182870370372]]}",light,FALSE,1,"(1800, 3600)",0.710161022,0.289838978,1325.643763,133.1811716
9,2,1,LD2_09_10_2022-12-09 15-35-16.mkv,99,TRUE,0.9,50,1800,"{'xs': [[0.9798076923076918, 105.65673076923078, 105.65673076923078, 1.5336538461538456], [1.5336538461538456, 105.65673076923078, 105.65673076923078, 0.9798076923076918]], 'ys': [[1.217013888888912, 0.8188657407407639, 107.12442129629632, 107.12442129629632], [107.12442129629632, 107.12442129629632, 213.03182870370372, 213.03182870370372]]}",dark,FALSE,1,"(1800, 3600)",0.785119378,0.219322599,1215.847869,122.1504964
11,2,1,LD2_11_12_13_14_2022-12-09 15-53-53.mkv,99,TRUE,0.9,50,1800,"{'xs': [[0.9798076923076918, 105.65673076923078, 105.65673076923078, 1.5336538461538456], [1.5336538461538456, 105.65673076923078, 105.65673076923078, 0.9798076923076918]], 'ys': [[1.217013888888912, 0.8188657407407639, 107.12442129629632, 107.12442129629632], [107.12442129629632, 107.12442129629632, 213.03182870370372, 213.03182870370372]]}",light,FALSE,1,"(1800, 3600)",0.626873959,0.373126041,1277.300915,128.3243938
15,2,1,LD2_15_16_17_18_2022-12-09 16-09-00.mkv,99,TRUE,0.9,50,1800,"{'xs': [[0.9798076923076918, 105.65673076923078, 105.65673076923078, 1.5336538461538456], [1.5336538461538456, 105.65673076923078, 105.65673076923078, 0.9798076923076918]], 'ys': [[1.217013888888912, 0.8188657407407639, 107.12442129629632, 107.12442129629632], [107.12442129629632, 107.12442129629632, 213.03182870370372, 213.03182870370372]]}",dark,FALSE,1,"(1800, 3600)",0.15435869,0.847307052,1364.44464,137.0793125
2,2,2,LD2_01_02_03_04_2022-12-09 15-05-32.mkv,99,TRUE,0.9,50,1800,"{'xs': [[0.9622201492537311, 106.58411069651741, 106.03684701492537, 0.4149564676616913], [0.4149564676616913, 106.03684701492537, 107.67863805970148, 2.0567475124378105]], 'ys': [[1.2154696132596634, 0.8176795580110447, 108.22099447513811, 108.61878453038673], [108.61878453038673, 108.22099447513811, 214.0331491712707, 214.0331491712707]]}",dark,FALSE,1,"(1800, 3600)",0.268184342,0.734036646,1034.520996,102.5636421
6,2,2,LD2_05_06_07_08_2022-12-09 15-17-14.mkv,99,TRUE,0.9,50,1800,"{'xs': [[0.9622201492537311, 106.58411069651741, 106.03684701492537, 0.4149564676616913], [0.4149564676616913, 106.03684701492537, 107.67863805970148, 2.0567475124378105]], 'ys': [[1.2154696132596634, 0.8176795580110447, 108.22099447513811, 108.61878453038673], [108.61878453038673, 108.22099447513811, 214.0331491712707, 214.0331491712707]]}",light,FALSE,1,"(1800, 3600)",0.147695725,0.863409217,528.7469211,52.42059867
10,2,2,LD2_09_10_2022-12-09 15-35-16.mkv,99,TRUE,0.9,50,1800,"{'xs': [[0.9622201492537311, 106.58411069651741, 106.03684701492537, 0.4149564676616913], [0.4149564676616913, 106.03684701492537, 107.67863805970148, 2.0567475124378105]], 'ys': [[1.2154696132596634, 0.8176795580110447, 108.22099447513811, 108.61878453038673], [108.61878453038673, 108.22099447513811, 214.0331491712707, 214.0331491712707]]}",light,FALSE,1,"(1800, 3600)",0.758467518,0.242642976,1225.051163,121.4530295
12,2,2,LD2_11_12_13_14_2022-12-09 15-53-53.mkv,99,TRUE,0.9,50,1800,"{'xs': [[0.9622201492537311, 106.58411069651741, 106.03684701492537, 0.4149564676616913], [0.4149564676616913, 106.03684701492537, 107.67863805970148, 2.0567475124378105]], 'ys': [[1.2154696132596634, 0.8176795580110447, 108.22099447513811, 108.61878453038673], [108.61878453038673, 108.22099447513811, 214.0331491712707, 214.0331491712707]]}",light,FALSE,1,"(1800, 3600)",0.27040533,0.730705164,1038.505971,102.9587173
16,2,2,LD2_15_16_17_18_2022-12-09 16-09-00.mkv,99,TRUE,0.9,50,1800,"{'xs': [[0.9622201492537311, 106.58411069651741, 106.03684701492537, 0.4149564676616913], [0.4149564676616913, 106.03684701492537, 107.67863805970148, 2.0567475124378105]], 'ys': [[1.2154696132596634, 0.8176795580110447, 108.22099447513811, 108.61878453038673], [108.61878453038673, 108.22099447513811, 214.0331491712707, 214.0331491712707]]}",light,FALSE,1,"(1800, 3600)",0.353137146,0.648528595,1376.046692,136.4229058
3,2,3,LD2_01_02_03_04_2022-12-09 15-05-32.mkv,99,TRUE,0.9,50,1800,"{'xs': [[1.0397245762711866, 100.73463983050847, 100.73463983050847, 1.0397245762711866], [1.0397245762711866, 100.73463983050847, 99.00582627118644, 0.4634533898305087]], 'ys': [[1.611378205128208, 3.598557692307695, 110.5088141025641, 109.31650641025641], [109.31650641025641, 110.5088141025641, 215.43189102564102, 215.43189102564102]]}",dark,FALSE,1,"(1800, 3600)",0.330372016,0.674625208,1129.596505,113.0105052
7,2,3,LD2_05_06_07_08_2022-12-09 15-17-14.mkv,99,TRUE,0.9,50,1800,"{'xs': [[1.0397245762711866, 100.73463983050847, 100.73463983050847, 1.0397245762711866], [1.0397245762711866, 100.73463983050847, 99.00582627118644, 0.4634533898305087]], 'ys': [[1.611378205128208, 3.598557692307695, 110.5088141025641, 109.31650641025641], [109.31650641025641, 110.5088141025641, 215.43189102564102, 215.43189102564102]]}",dark,FALSE,1,"(1800, 3600)",0.433092726,0.568017768,1250.404392,125.0967327
13,2,3,LD2_11_12_13_14_2022-12-09 15-53-53.mkv,99,TRUE,0.9,50,1800,"{'xs': [[1.0397245762711866, 100.73463983050847, 100.73463983050847, 1.0397245762711866], [1.0397245762711866, 100.73463983050847, 99.00582627118644, 0.4634533898305087]], 'ys': [[1.611378205128208, 3.598557692307695, 110.5088141025641, 109.31650641025641], [109.31650641025641, 110.5088141025641, 215.43189102564102, 215.43189102564102]]}",dark,FALSE,1,"(1800, 3600)",0.271515825,0.736257635,1593.862824,159.4580385
17,2,3,LD2_15_16_17_18_2022-12-09 16-09-00.mkv,99,TRUE,0.9,50,1800,"{'xs': [[1.0397245762711866, 100.73463983050847, 100.73463983050847, 1.0397245762711866], [1.0397245762711866, 100.73463983050847, 99.00582627118644, 0.4634533898305087]], 'ys': [[1.611378205128208, 3.598557692307695, 110.5088141025641, 109.31650641025641], [109.31650641025641, 110.5088141025641, 215.43189102564102, 215.43189102564102]]}",light,FALSE,1,"(1800, 3600)",0.413659078,0.586340922,1181.658399,118.2190384
4,2,4,LD2_01_02_03_04_2022-12-09 15-05-32.mkv,99,TRUE,0.9,50,1800,"{'xs': [[2.6810515873015883, 104.19427910052912, 104.19427910052912, 0.9985119047619057], [0.9985119047619057, 104.19427910052912, 103.63343253968254, 1.5593584656084665]], 'ys': [[1.217013888888912, 1.61516203703706, 108.71701388888891, 107.12442129629632], [107.12442129629632, 108.71701388888891, 214.22627314814818, 212.63368055555557]]}",dark,FALSE,1,"(1800, 3600)",0.709050527,0.295391449,1430.934654,144.1666055
8,2,4,LD2_05_06_07_08_2022-12-09 15-17-14.mkv,99,TRUE,0.9,50,1800,"{'xs': [[2.6810515873015883, 104.19427910052912, 104.19427910052912, 0.9985119047619057], [0.9985119047619057, 104.19427910052912, 103.63343253968254, 1.5593584656084665]], 'ys': [[1.217013888888912, 1.61516203703706, 108.71701388888891, 107.12442129629632], [107.12442129629632, 108.71701388888891, 214.22627314814818, 212.63368055555557]]}",light,FALSE,1,"(1800, 3600)",0.642420877,0.358689617,1276.872233,128.6448232
14,2,4,LD2_11_12_13_14_2022-12-09 15-53-53.mkv,99,TRUE,0.9,50,1800,"{'xs': [[2.6810515873015883, 104.19427910052912, 104.19427910052912, 0.9985119047619057], [0.9985119047619057, 104.19427910052912, 103.63343253968254, 1.5593584656084665]], 'ys': [[1.217013888888912, 1.61516203703706, 108.71701388888891, 107.12442129629632], [107.12442129629632, 108.71701388888891, 214.22627314814818, 212.63368055555557]]}",dark,FALSE,1,"(1800, 3600)",0.27817879,0.722931705,1072.605958,108.0650047
18,2,4,LD2_15_16_17_18_2022-12-09 16-09-00.mkv,99,TRUE,0.9,50,1800,"{'xs': [[2.6810515873015883, 104.19427910052912, 104.19427910052912, 0.9985119047619057], [0.9985119047619057, 104.19427910052912, 103.63343253968254, 1.5593584656084665]], 'ys': [[1.217013888888912, 1.61516203703706, 108.71701388888891, 107.12442129629632], [107.12442129629632, 108.71701388888891, 214.22627314814818, 212.63368055555557]]}",dark,FALSE,1,"(1800, 3600)",0.020544142,0.982232093,666.5631463,67.15620866
1,2,1,LD2_01_02_03_04_2022-12-09 15-05-32.mkv,99,TRUE,0.9,50,1800,"{'xs': [[0.9798076923076918, 105.65673076923078, 105.65673076923078, 1.5336538461538456], [1.5336538461538456, 105.65673076923078, 105.65673076923078, 0.9798076923076918]], 'ys': [[1.217013888888912, 0.8188657407407639, 107.12442129629632, 107.12442129629632], [107.12442129629632, 107.12442129629632, 213.03182870370372, 213.03182870370372]]}",light,FALSE,2,"(3600, 5400)",0,1,406.961088,40.88545959
5,2,1,LD2_05_06_07_08_2022-12-09 15-17-14.mkv,99,TRUE,0.9,50,1800,"{'xs': [[0.9798076923076918, 105.65673076923078, 105.65673076923078, 1.5336538461538456], [1.5336538461538456, 105.65673076923078, 105.65673076923078, 0.9798076923076918]], 'ys': [[1.217013888888912, 0.8188657407407639, 107.12442129629632, 107.12442129629632], [107.12442129629632, 107.12442129629632, 213.03182870370372, 213.03182870370372]]}",light,FALSE,2,"(3600, 5400)",0.554691838,0.446973903,1101.578269,110.670369
9,2,1,LD2_09_10_2022-12-09 15-35-16.mkv,99,TRUE,0.9,50,1800,"{'xs': [[0.9798076923076918, 105.65673076923078, 105.65673076923078, 1.5336538461538456], [1.5336538461538456, 105.65673076923078, 105.65673076923078, 0.9798076923076918]], 'ys': [[1.217013888888912, 0.8188657407407639, 107.12442129629632, 107.12442129629632], [107.12442129629632, 107.12442129629632, 213.03182870370372, 213.03182870370372]]}",dark,FALSE,2,"(3600, 5400)",0.479733481,0.523598001,1128.265144,113.3514734
11,2,1,LD2_11_12_13_14_2022-12-09 15-53-53.mkv,99,TRUE,0.9,50,1800,"{'xs': [[0.9798076923076918, 105.65673076923078, 105.65673076923078, 1.5336538461538456], [1.5336538461538456, 105.65673076923078, 105.65673076923078, 0.9798076923076918]], 'ys': [[1.217013888888912, 0.8188657407407639, 107.12442129629632, 107.12442129629632], [107.12442129629632, 107.12442129629632, 213.03182870370372, 213.03182870370372]]}",light,FALSE,2,"(3600, 5400)",0.66851749,0.334258745,1536.308807,154.3456942
15,2,1,LD2_15_16_17_18_2022-12-09 16-09-00.mkv,99,TRUE,0.9,50,1800,"{'xs': [[0.9798076923076918, 105.65673076923078, 105.65673076923078, 1.5336538461538456], [1.5336538461538456, 105.65673076923078, 105.65673076923078, 0.9798076923076918]], 'ys': [[1.217013888888912, 0.8188657407407639, 107.12442129629632, 107.12442129629632], [107.12442129629632, 107.12442129629632, 213.03182870370372, 213.03182870370372]]}",dark,FALSE,2,"(3600, 5400)",0.330372016,0.670738479,1364.336762,137.0684746
2,2,2,LD2_01_02_03_04_2022-12-09 15-05-32.mkv,99,TRUE,0.9,50,1800,"{'xs': [[0.9622201492537311, 106.58411069651741, 106.03684701492537, 0.4149564676616913], [0.4149564676616913, 106.03684701492537, 107.67863805970148, 2.0567475124378105]], 'ys': [[1.2154696132596634, 0.8176795580110447, 108.22099447513811, 108.61878453038673], [108.61878453038673, 108.22099447513811, 214.0331491712707, 214.0331491712707]]}",dark,FALSE,2,"(3600, 5400)",0.519156024,0.480843976,618.5826255,61.32701727
6,2,2,LD2_05_06_07_08_2022-12-09 15-17-14.mkv,99,TRUE,0.9,50,1800,"{'xs': [[0.9622201492537311, 106.58411069651741, 106.03684701492537, 0.4149564676616913], [0.4149564676616913, 106.03684701492537, 107.67863805970148, 2.0567475124378105]], 'ys': [[1.2154696132596634, 0.8176795580110447, 108.22099447513811, 108.61878453038673], [108.61878453038673, 108.22099447513811, 214.0331491712707, 214.0331491712707]]}",light,FALSE,2,"(3600, 5400)",0,1,524.5721821,52.00671008
10,2,2,LD2_09_10_2022-12-09 15-35-16.mkv,99,TRUE,0.9,50,1800,"{'xs': [[0.9622201492537311, 106.58411069651741, 106.03684701492537, 0.4149564676616913], [0.4149564676616913, 106.03684701492537, 107.67863805970148, 2.0567475124378105]], 'ys': [[1.2154696132596634, 0.8176795580110447, 108.22099447513811, 108.61878453038673], [108.61878453038673, 108.22099447513811, 214.0331491712707, 214.0331491712707]]}",light,FALSE,2,"(3600, 5400)",0.789561355,0.212104386,984.0555883,97.56044151
12,2,2,LD2_11_12_13_14_2022-12-09 15-53-53.mkv,99,TRUE,0.9,50,1800,"{'xs': [[0.9622201492537311, 106.58411069651741, 106.03684701492537, 0.4149564676616913], [0.4149564676616913, 106.03684701492537, 107.67863805970148, 2.0567475124378105]], 'ys': [[1.2154696132596634, 0.8176795580110447, 108.22099447513811, 108.61878453038673], [108.61878453038673, 108.22099447513811, 214.0331491712707, 214.0331491712707]]}",light,FALSE,2,"(3600, 5400)",0.31038312,0.692393115,937.4441716,92.93933021
16,2,2,LD2_15_16_17_18_2022-12-09 16-09-00.mkv,99,TRUE,0.9,50,1800,"{'xs': [[0.9622201492537311, 106.58411069651741, 106.03684701492537, 0.4149564676616913], [0.4149564676616913, 106.03684701492537, 107.67863805970148, 2.0567475124378105]], 'ys': [[1.2154696132596634, 0.8176795580110447, 108.22099447513811, 108.61878453038673], [108.61878453038673, 108.22099447513811, 214.0331491712707, 214.0331491712707]]}",light,FALSE,2,"(3600, 5400)",0.235980011,0.76568573,1342.140132,133.0613691
3,2,3,LD2_01_02_03_04_2022-12-09 15-05-32.mkv,99,TRUE,0.9,50,1800,"{'xs': [[1.0397245762711866, 100.73463983050847, 100.73463983050847, 1.0397245762711866], [1.0397245762711866, 100.73463983050847, 99.00582627118644, 0.4634533898305087]], 'ys': [[1.611378205128208, 3.598557692307695, 110.5088141025641, 109.31650641025641], [109.31650641025641, 110.5088141025641, 215.43189102564102, 215.43189102564102]]}",dark,FALSE,2,"(3600, 5400)",0.191004997,0.810660744,824.4112693,82.47824214
7,2,3,LD2_05_06_07_08_2022-12-09 15-17-14.mkv,99,TRUE,0.9,50,1800,"{'xs': [[1.0397245762711866, 100.73463983050847, 100.73463983050847, 1.0397245762711866], [1.0397245762711866, 100.73463983050847, 99.00582627118644, 0.4634533898305087]], 'ys': [[1.611378205128208, 3.598557692307695, 110.5088141025641, 109.31650641025641], [109.31650641025641, 110.5088141025641, 215.43189102564102, 215.43189102564102]]}",dark,FALSE,2,"(3600, 5400)",0.305385897,0.699611327,1025.658808,102.6120563
13,2,3,LD2_11_12_13_14_2022-12-09 15-53-53.mkv,99,TRUE,0.9,50,1800,"{'xs': [[1.0397245762711866, 100.73463983050847, 100.73463983050847, 1.0397245762711866], [1.0397245762711866, 100.73463983050847, 99.00582627118644, 0.4634533898305087]], 'ys': [[1.611378205128208, 3.598557692307695, 110.5088141025641, 109.31650641025641], [109.31650641025641, 110.5088141025641, 215.43189102564102, 215.43189102564102]]}",dark,FALSE,2,"(3600, 5400)",0.164353137,0.846196557,1120.245592,112.074993
17,2,3,LD2_15_16_17_18_2022-12-09 16-09-00.mkv,99,TRUE,0.9,50,1800,"{'xs': [[1.0397245762711866, 100.73463983050847, 100.73463983050847, 1.0397245762711866], [1.0397245762711866, 100.73463983050847, 99.00582627118644, 0.4634533898305087]], 'ys': [[1.611378205128208, 3.598557692307695, 110.5088141025641, 109.31650641025641], [109.31650641025641, 110.5088141025641, 215.43189102564102, 215.43189102564102]]}",light,FALSE,2,"(3600, 5400)",0.449750139,0.551915602,1161.390242,116.1913103
4,2,4,LD2_01_02_03_04_2022-12-09 15-05-32.mkv,99,TRUE,0.9,50,1800,"{'xs': [[2.6810515873015883, 104.19427910052912, 104.19427910052912, 0.9985119047619057], [0.9985119047619057, 104.19427910052912, 103.63343253968254, 1.5593584656084665]], 'ys': [[1.217013888888912, 1.61516203703706, 108.71701388888891, 107.12442129629632], [107.12442129629632, 108.71701388888891, 214.22627314814818, 212.63368055555557]]}",dark,FALSE,2,"(3600, 5400)",0.648528595,0.359244864,1171.402407,118.0187427
8,2,4,LD2_05_06_07_08_2022-12-09 15-17-14.mkv,99,TRUE,0.9,50,1800,"{'xs': [[2.6810515873015883, 104.19427910052912, 104.19427910052912, 0.9985119047619057], [0.9985119047619057, 104.19427910052912, 103.63343253968254, 1.5593584656084665]], 'ys': [[1.217013888888912, 1.61516203703706, 108.71701388888891, 107.12442129629632], [107.12442129629632, 108.71701388888891, 214.22627314814818, 212.63368055555557]]}",light,FALSE,2,"(3600, 5400)",0.703498057,0.29705719,1039.797481,104.759552
14,2,4,LD2_11_12_13_14_2022-12-09 15-53-53.mkv,99,TRUE,0.9,50,1800,"{'xs': [[2.6810515873015883, 104.19427910052912, 104.19427910052912, 0.9985119047619057], [0.9985119047619057, 104.19427910052912, 103.63343253968254, 1.5593584656084665]], 'ys': [[1.217013888888912, 1.61516203703706, 108.71701388888891, 107.12442129629632], [107.12442129629632, 108.71701388888891, 214.22627314814818, 212.63368055555557]]}",dark,FALSE,2,"(3600, 5400)",0.289838978,0.711271516,904.1621067,91.09429381
18,2,4,LD2_15_16_17_18_2022-12-09 16-09-00.mkv,99,TRUE,0.9,50,1800,"{'xs': [[2.6810515873015883, 104.19427910052912, 104.19427910052912, 0.9985119047619057], [0.9985119047619057, 104.19427910052912, 103.63343253968254, 1.5593584656084665]], 'ys': [[1.217013888888912, 1.61516203703706, 108.71701388888891, 107.12442129629632], [107.12442129629632, 108.71701388888891, 214.22627314814818, 212.63368055555557]]}",dark,FALSE,2,"(3600, 5400)",0.199888951,0.801776791,905.4171992,91.22074433
1,2,1,LD2_01_02_03_04_2022-12-09 15-05-32.mkv,99,TRUE,0.9,50,1800,"{'xs': [[0.9798076923076918, 105.65673076923078, 105.65673076923078, 1.5336538461538456], [1.5336538461538456, 105.65673076923078, 105.65673076923078, 0.9798076923076918]], 'ys': [[1.217013888888912, 0.8188657407407639, 107.12442129629632, 107.12442129629632], [107.12442129629632, 107.12442129629632, 213.03182870370372, 213.03182870370372]]}",light,FALSE,3,"(5400, 7200)",0.046640755,0.953359245,745.2893848,74.8757066
5,2,1,LD2_05_06_07_08_2022-12-09 15-17-14.mkv,99,TRUE,0.9,50,1800,"{'xs': [[0.9798076923076918, 105.65673076923078, 105.65673076923078, 1.5336538461538456], [1.5336538461538456, 105.65673076923078, 105.65673076923078, 0.9798076923076918]], 'ys': [[1.217013888888912, 0.8188657407407639, 107.12442129629632, 107.12442129629632], [107.12442129629632, 107.12442129629632, 213.03182870370372, 213.03182870370372]]}",light,FALSE,3,"(5400, 7200)",0.78289839,0.220433093,1029.068314,103.3856361
9,2,1,LD2_09_10_2022-12-09 15-35-16.mkv,99,TRUE,0.9,50,1800,"{'xs': [[0.9798076923076918, 105.65673076923078, 105.65673076923078, 1.5336538461538456], [1.5336538461538456, 105.65673076923078, 105.65673076923078, 0.9798076923076918]], 'ys': [[1.217013888888912, 0.8188657407407639, 107.12442129629632, 107.12442129629632], [107.12442129629632, 107.12442129629632, 213.03182870370372, 213.03182870370372]]}",dark,FALSE,3,"(5400, 7200)",0.436424209,0.577456968,1183.443507,118.8949831
11,2,1,LD2_11_12_13_14_2022-12-09 15-53-53.mkv,99,TRUE,0.9,50,1800,"{'xs': [[0.9798076923076918, 105.65673076923078, 105.65673076923078, 1.5336538461538456], [1.5336538461538456, 105.65673076923078, 105.65673076923078, 0.9798076923076918]], 'ys': [[1.217013888888912, 0.8188657407407639, 107.12442129629632, 107.12442129629632], [107.12442129629632, 107.12442129629632, 213.03182870370372, 213.03182870370372]]}",light,FALSE,3,"(5400, 7200)",0.56191005,0.440866185,1274.894301,128.0826127
15,2,1,LD2_15_16_17_18_2022-12-09 16-09-00.mkv,99,TRUE,0.9,50,1800,"{'xs': [[0.9798076923076918, 105.65673076923078, 105.65673076923078, 1.5336538461538456], [1.5336538461538456, 105.65673076923078, 105.65673076923078, 0.9798076923076918]], 'ys': [[1.217013888888912, 0.8188657407407639, 107.12442129629632, 107.12442129629632], [107.12442129629632, 107.12442129629632, 213.03182870370372, 213.03182870370372]]}",dark,FALSE,3,"(5400, 7200)",0.455857857,0.547473626,1147.028105,115.2364996
2,2,2,LD2_01_02_03_04_2022-12-09 15-05-32.mkv,99,TRUE,0.9,50,1800,"{'xs': [[0.9622201492537311, 106.58411069651741, 106.03684701492537, 0.4149564676616913], [0.4149564676616913, 106.03684701492537, 107.67863805970148, 2.0567475124378105]], 'ys': [[1.2154696132596634, 0.8176795580110447, 108.22099447513811, 108.61878453038673], [108.61878453038673, 108.22099447513811, 214.0331491712707, 214.0331491712707]]}",dark,FALSE,3,"(5400, 7200)",0.113825652,0.886174348,798.5011131,79.16435013
6,2,2,LD2_05_06_07_08_2022-12-09 15-17-14.mkv,99,TRUE,0.9,50,1800,"{'xs': [[0.9622201492537311, 106.58411069651741, 106.03684701492537, 0.4149564676616913], [0.4149564676616913, 106.03684701492537, 107.67863805970148, 2.0567475124378105]], 'ys': [[1.2154696132596634, 0.8176795580110447, 108.22099447513811, 108.61878453038673], [108.61878453038673, 108.22099447513811, 214.0331491712707, 214.0331491712707]]}",light,FALSE,3,"(5400, 7200)",0.019988895,0.998889506,533.6864255,52.91030701
10,2,2,LD2_09_10_2022-12-09 15-35-16.mkv,99,TRUE,0.9,50,1800,"{'xs': [[0.9622201492537311, 106.58411069651741, 106.03684701492537, 0.4149564676616913], [0.4149564676616913, 106.03684701492537, 107.67863805970148, 2.0567475124378105]], 'ys': [[1.2154696132596634, 0.8176795580110447, 108.22099447513811, 108.61878453038673], [108.61878453038673, 108.22099447513811, 214.0331491712707, 214.0331491712707]]}",light,FALSE,3,"(5400, 7200)",0.755136036,0.247084953,1065.855999,105.6702316
12,2,2,LD2_11_12_13_14_2022-12-09 15-53-53.mkv,99,TRUE,0.9,50,1800,"{'xs': [[0.9622201492537311, 106.58411069651741, 106.03684701492537, 0.4149564676616913], [0.4149564676616913, 106.03684701492537, 107.67863805970148, 2.0567475124378105]], 'ys': [[1.2154696132596634, 0.8176795580110447, 108.22099447513811, 108.61878453038673], [108.61878453038673, 108.22099447513811, 214.0331491712707, 214.0331491712707]]}",light,FALSE,3,"(5400, 7200)",0.338700722,0.662409772,809.4757522,80.2523889
16,2,2,LD2_15_16_17_18_2022-12-09 16-09-00.mkv,99,TRUE,0.9,50,1800,"{'xs': [[0.9622201492537311, 106.58411069651741, 106.03684701492537, 0.4149564676616913], [0.4149564676616913, 106.03684701492537, 107.67863805970148, 2.0567475124378105]], 'ys': [[1.2154696132596634, 0.8176795580110447, 108.22099447513811, 108.61878453038673], [108.61878453038673, 108.22099447513811, 214.0331491712707, 214.0331491712707]]}",light,FALSE,3,"(5400, 7200)",0.710161022,0.289838978,1270.654323,125.974181
3,2,3,LD2_01_02_03_04_2022-12-09 15-05-32.mkv,99,TRUE,0.9,50,1800,"{'xs': [[1.0397245762711866, 100.73463983050847, 100.73463983050847, 1.0397245762711866], [1.0397245762711866, 100.73463983050847, 99.00582627118644, 0.4634533898305087]], 'ys': [[1.611378205128208, 3.598557692307695, 110.5088141025641, 109.31650641025641], [109.31650641025641, 110.5088141025641, 215.43189102564102, 215.43189102564102]]}",dark,FALSE,3,"(5400, 7200)",0.348695169,0.652415325,928.9238167,92.93420206
7,2,3,LD2_05_06_07_08_2022-12-09 15-17-14.mkv,99,TRUE,0.9,50,1800,"{'xs': [[1.0397245762711866, 100.73463983050847, 100.73463983050847, 1.0397245762711866], [1.0397245762711866, 100.73463983050847, 99.00582627118644, 0.4634533898305087]], 'ys': [[1.611378205128208, 3.598557692307695, 110.5088141025641, 109.31650641025641], [109.31650641025641, 110.5088141025641, 215.43189102564102, 215.43189102564102]]}",dark,FALSE,3,"(5400, 7200)",0.074403109,0.926152138,1100.916382,110.1412018
13,2,3,LD2_11_12_13_14_2022-12-09 15-53-53.mkv,99,TRUE,0.9,50,1800,"{'xs': [[1.0397245762711866, 100.73463983050847, 100.73463983050847, 1.0397245762711866], [1.0397245762711866, 100.73463983050847, 99.00582627118644, 0.4634533898305087]], 'ys': [[1.611378205128208, 3.598557692307695, 110.5088141025641, 109.31650641025641], [109.31650641025641, 110.5088141025641, 215.43189102564102, 215.43189102564102]]}",dark,FALSE,3,"(5400, 7200)",0.275402554,0.726818434,1067.80558,106.8286309
17,2,3,LD2_15_16_17_18_2022-12-09 16-09-00.mkv,99,TRUE,0.9,50,1800,"{'xs': [[1.0397245762711866, 100.73463983050847, 100.73463983050847, 1.0397245762711866], [1.0397245762711866, 100.73463983050847, 99.00582627118644, 0.4634533898305087]], 'ys': [[1.611378205128208, 3.598557692307695, 110.5088141025641, 109.31650641025641], [109.31650641025641, 110.5088141025641, 215.43189102564102, 215.43189102564102]]}",light,FALSE,3,"(5400, 7200)",0.786785119,0.263187118,1103.940512,110.4437509
4,2,4,LD2_01_02_03_04_2022-12-09 15-05-32.mkv,99,TRUE,0.9,50,1800,"{'xs': [[2.6810515873015883, 104.19427910052912, 104.19427910052912, 0.9985119047619057], [0.9985119047619057, 104.19427910052912, 103.63343253968254, 1.5593584656084665]], 'ys': [[1.217013888888912, 1.61516203703706, 108.71701388888891, 107.12442129629632], [107.12442129629632, 108.71701388888891, 214.22627314814818, 212.63368055555557]]}",dark,FALSE,3,"(5400, 7200)",0.67240422,0.332037757,1277.386099,128.6965952
8,2,4,LD2_05_06_07_08_2022-12-09 15-17-14.mkv,99,TRUE,0.9,50,1800,"{'xs': [[2.6810515873015883, 104.19427910052912, 104.19427910052912, 0.9985119047619057], [0.9985119047619057, 104.19427910052912, 103.63343253968254, 1.5593584656084665]], 'ys': [[1.217013888888912, 1.61516203703706, 108.71701388888891, 107.12442129629632], [107.12442129629632, 108.71701388888891, 214.22627314814818, 212.63368055555557]]}",light,FALSE,3,"(5400, 7200)",0.611327041,0.395335924,1322.039803,133.1954539
14,2,4,LD2_11_12_13_14_2022-12-09 15-53-53.mkv,99,TRUE,0.9,50,1800,"{'xs': [[2.6810515873015883, 104.19427910052912, 104.19427910052912, 0.9985119047619057], [0.9985119047619057, 104.19427910052912, 103.63343253968254, 1.5593584656084665]], 'ys': [[1.217013888888912, 1.61516203703706, 108.71701388888891, 107.12442129629632], [107.12442129629632, 108.71701388888891, 214.22627314814818, 212.63368055555557]]}",dark,FALSE,3,"(5400, 7200)",0,1,436.9968114,44.02741018
18,2,4,LD2_15_16_17_18_2022-12-09 16-09-00.mkv,99,TRUE,0.9,50,1800,"{'xs': [[2.6810515873015883, 104.19427910052912, 104.19427910052912, 0.9985119047619057], [0.9985119047619057, 104.19427910052912, 103.63343253968254, 1.5593584656084665]], 'ys': [[1.217013888888912, 1.61516203703706, 108.71701388888891, 107.12442129629632], [107.12442129629632, 108.71701388888891, 214.22627314814818, 212.63368055555557]]}",dark,FALSE,3,"(5400, 7200)",0.397001666,0.603553581,971.9400815,97.9229219
1,2,1,LD2_01_02_03_04_2022-12-09 15-05-32.mkv,99,TRUE,0.9,50,1800,"{'xs': [[0.9798076923076918, 105.65673076923078, 105.65673076923078, 1.5336538461538456], [1.5336538461538456, 105.65673076923078, 105.65673076923078, 0.9798076923076918]], 'ys': [[1.217013888888912, 0.8188657407407639, 107.12442129629632, 107.12442129629632], [107.12442129629632, 107.12442129629632, 213.03182870370372, 213.03182870370372]]}",light,FALSE,4,"(7200, 9000)",0,1,523.8709928,52.63084589
5,2,1,LD2_05_06_07_08_2022-12-09 15-17-14.mkv,99,TRUE,0.9,50,1800,"{'xs': [[0.9798076923076918, 105.65673076923078, 105.65673076923078, 1.5336538461538456], [1.5336538461538456, 105.65673076923078, 105.65673076923078, 0.9798076923076918]], 'ys': [[1.217013888888912, 0.8188657407407639, 107.12442129629632, 107.12442129629632], [107.12442129629632, 107.12442129629632, 213.03182870370372, 213.03182870370372]]}",light,FALSE,4,"(7200, 9000)",0.548888889,0.494444444,999.0279021,100.3676177
9,2,1,LD2_09_10_2022-12-09 15-35-16.mkv,99,TRUE,0.9,50,1800,"{'xs': [[0.9798076923076918, 105.65673076923078, 105.65673076923078, 1.5336538461538456], [1.5336538461538456, 105.65673076923078, 105.65673076923078, 0.9798076923076918]], 'ys': [[1.217013888888912, 0.8188657407407639, 107.12442129629632, 107.12442129629632], [107.12442129629632, 107.12442129629632, 213.03182870370372, 213.03182870370372]]}",dark,FALSE,4,"(7200, 9000)",0.23,0.773333333,1083.290227,108.8330558
11,2,1,LD2_11_12_13_14_2022-12-09 15-53-53.mkv,99,TRUE,0.9,50,1800,"{'xs': [[0.9798076923076918, 105.65673076923078, 105.65673076923078, 1.5336538461538456], [1.5336538461538456, 105.65673076923078, 105.65673076923078, 0.9798076923076918]], 'ys': [[1.217013888888912, 0.8188657407407639, 107.12442129629632, 107.12442129629632], [107.12442129629632, 107.12442129629632, 213.03182870370372, 213.03182870370372]]}",light,FALSE,4,"(7200, 9000)",0.658333333,0.346111111,1288.906817,129.490384
15,2,1,LD2_15_16_17_18_2022-12-09 16-09-00.mkv,99,TRUE,0.9,50,1800,"{'xs': [[0.9798076923076918, 105.65673076923078, 105.65673076923078, 1.5336538461538456], [1.5336538461538456, 105.65673076923078, 105.65673076923078, 0.9798076923076918]], 'ys': [[1.217013888888912, 0.8188657407407639, 107.12442129629632, 107.12442129629632], [107.12442129629632, 107.12442129629632, 213.03182870370372, 213.03182870370372]]}",dark,FALSE,4,"(7200, 9000)",0.433888889,0.566111111,1333.895529,134.0101876
2,2,2,LD2_01_02_03_04_2022-12-09 15-05-32.mkv,99,TRUE,0.9,50,1800,"{'xs': [[0.9622201492537311, 106.58411069651741, 106.03684701492537, 0.4149564676616913], [0.4149564676616913, 106.03684701492537, 107.67863805970148, 2.0567475124378105]], 'ys': [[1.2154696132596634, 0.8176795580110447, 108.22099447513811, 108.61878453038673], [108.61878453038673, 108.22099447513811, 214.0331491712707, 214.0331491712707]]}",dark,FALSE,4,"(7200, 9000)",0.226111111,0.775,989.0027054,98.05090458
6,2,2,LD2_05_06_07_08_2022-12-09 15-17-14.mkv,99,TRUE,0.9,50,1800,"{'xs': [[0.9622201492537311, 106.58411069651741, 106.03684701492537, 0.4149564676616913], [0.4149564676616913, 106.03684701492537, 107.67863805970148, 2.0567475124378105]], 'ys': [[1.2154696132596634, 0.8176795580110447, 108.22099447513811, 108.61878453038673], [108.61878453038673, 108.22099447513811, 214.0331491712707, 214.0331491712707]]}",light,FALSE,4,"(7200, 9000)",0.306666667,0.695,987.2970539,97.88180426
10,2,2,LD2_09_10_2022-12-09 15-35-16.mkv,99,TRUE,0.9,50,1800,"{'xs': [[0.9622201492537311, 106.58411069651741, 106.03684701492537, 0.4149564676616913], [0.4149564676616913, 106.03684701492537, 107.67863805970148, 2.0567475124378105]], 'ys': [[1.2154696132596634, 0.8176795580110447, 108.22099447513811, 108.61878453038673], [108.61878453038673, 108.22099447513811, 214.0331491712707, 214.0331491712707]]}",light,FALSE,4,"(7200, 9000)",0.499444444,0.501666667,1173.875103,116.379374
12,2,2,LD2_11_12_13_14_2022-12-09 15-53-53.mkv,99,TRUE,0.9,50,1800,"{'xs': [[0.9622201492537311, 106.58411069651741, 106.03684701492537, 0.4149564676616913], [0.4149564676616913, 106.03684701492537, 107.67863805970148, 2.0567475124378105]], 'ys': [[1.2154696132596634, 0.8176795580110447, 108.22099447513811, 108.61878453038673], [108.61878453038673, 108.22099447513811, 214.0331491712707, 214.0331491712707]]}",light,FALSE,4,"(7200, 9000)",0.404444444,0.598888889,703.6909199,69.7647548
16,2,2,LD2_15_16_17_18_2022-12-09 16-09-00.mkv,99,TRUE,0.9,50,1800,"{'xs': [[0.9622201492537311, 106.58411069651741, 106.03684701492537, 0.4149564676616913], [0.4149564676616913, 106.03684701492537, 107.67863805970148, 2.0567475124378105]], 'ys': [[1.2154696132596634, 0.8176795580110447, 108.22099447513811, 108.61878453038673], [108.61878453038673, 108.22099447513811, 214.0331491712707, 214.0331491712707]]}",light,FALSE,4,"(7200, 9000)",0.191666667,0.81,979.0318772,97.06238481
3,2,3,LD2_01_02_03_04_2022-12-09 15-05-32.mkv,99,TRUE,0.9,50,1800,"{'xs': [[1.0397245762711866, 100.73463983050847, 100.73463983050847, 1.0397245762711866], [1.0397245762711866, 100.73463983050847, 99.00582627118644, 0.4634533898305087]], 'ys': [[1.611378205128208, 3.598557692307695, 110.5088141025641, 109.31650641025641], [109.31650641025641, 110.5088141025641, 215.43189102564102, 215.43189102564102]]}",dark,FALSE,4,"(7200, 9000)",0.324444444,0.683333333,609.9393639,61.02139602
7,2,3,LD2_05_06_07_08_2022-12-09 15-17-14.mkv,99,TRUE,0.9,50,1800,"{'xs': [[1.0397245762711866, 100.73463983050847, 100.73463983050847, 1.0397245762711866], [1.0397245762711866, 100.73463983050847, 99.00582627118644, 0.4634533898305087]], 'ys': [[1.611378205128208, 3.598557692307695, 110.5088141025641, 109.31650641025641], [109.31650641025641, 110.5088141025641, 215.43189102564102, 215.43189102564102]]}",dark,FALSE,4,"(7200, 9000)",0.338888889,0.661666667,1176.695935,117.7225686
13,2,3,LD2_11_12_13_14_2022-12-09 15-53-53.mkv,99,TRUE,0.9,50,1800,"{'xs': [[1.0397245762711866, 100.73463983050847, 100.73463983050847, 1.0397245762711866], [1.0397245762711866, 100.73463983050847, 99.00582627118644, 0.4634533898305087]], 'ys': [[1.611378205128208, 3.598557692307695, 110.5088141025641, 109.31650641025641], [109.31650641025641, 110.5088141025641, 215.43189102564102, 215.43189102564102]]}",dark,FALSE,4,"(7200, 9000)",0.203333333,0.797222222,921.4472925,92.18621305
17,2,3,LD2_15_16_17_18_2022-12-09 16-09-00.mkv,99,TRUE,0.9,50,1800,"{'xs': [[1.0397245762711866, 100.73463983050847, 100.73463983050847, 1.0397245762711866], [1.0397245762711866, 100.73463983050847, 99.00582627118644, 0.4634533898305087]], 'ys': [[1.611378205128208, 3.598557692307695, 110.5088141025641, 109.31650641025641], [109.31650641025641, 110.5088141025641, 215.43189102564102, 215.43189102564102]]}",light,FALSE,4,"(7200, 9000)",0.622222222,0.387222222,1103.755031,110.4251945
4,2,4,LD2_01_02_03_04_2022-12-09 15-05-32.mkv,99,TRUE,0.9,50,1800,"{'xs': [[2.6810515873015883, 104.19427910052912, 104.19427910052912, 0.9985119047619057], [0.9985119047619057, 104.19427910052912, 103.63343253968254, 1.5593584656084665]], 'ys': [[1.217013888888912, 1.61516203703706, 108.71701388888891, 107.12442129629632], [107.12442129629632, 108.71701388888891, 214.22627314814818, 212.63368055555557]]}",light_dark,TRUE,4,"(7200, 9000)",0.704444444,0.299444444,1274.937559,128.4499049
8,2,4,LD2_05_06_07_08_2022-12-09 15-17-14.mkv,99,TRUE,0.9,50,1800,"{'xs': [[2.6810515873015883, 104.19427910052912, 104.19427910052912, 0.9985119047619057], [0.9985119047619057, 104.19427910052912, 103.63343253968254, 1.5593584656084665]], 'ys': [[1.217013888888912, 1.61516203703706, 108.71701388888891, 107.12442129629632], [107.12442129629632, 108.71701388888891, 214.22627314814818, 212.63368055555557]]}",light,FALSE,4,"(7200, 9000)",0.645,0.355555556,1328.84567,133.8811448
14,2,4,LD2_11_12_13_14_2022-12-09 15-53-53.mkv,99,TRUE,0.9,50,1800,"{'xs': [[2.6810515873015883, 104.19427910052912, 104.19427910052912, 0.9985119047619057], [0.9985119047619057, 104.19427910052912, 103.63343253968254, 1.5593584656084665]], 'ys': [[1.217013888888912, 1.61516203703706, 108.71701388888891, 107.12442129629632], [107.12442129629632, 108.71701388888891, 214.22627314814818, 212.63368055555557]]}",dark,FALSE,4,"(7200, 9000)",0.345555556,0.654444444,949.3076031,95.64270067
18,2,4,LD2_15_16_17_18_2022-12-09 16-09-00.mkv,99,TRUE,0.9,50,1800,"{'xs': [[2.6810515873015883, 104.19427910052912, 104.19427910052912, 0.9985119047619057], [0.9985119047619057, 104.19427910052912, 103.63343253968254, 1.5593584656084665]], 'ys': [[1.217013888888912, 1.61516203703706, 108.71701388888891, 107.12442129629632], [107.12442129629632, 108.71701388888891, 214.22627314814818, 212.63368055555557]]}",dark,FALSE,4,"(7200, 9000)",0.053333333,0.946666667,819.2573575,82.54014394