Animal,File,Location_Thresh,Use_Window,Window_Weight,Window_Size,Start_Frame,ROI_coordinates,ROI_location,ROI_transition,bin,range(f),light,dark,Distance_px,Distance_in
1,SEFL10N5b_01_02_03_04_2024-02-01 11-02-48.mkv,98,TRUE,0.5,50,1800,"{'xs': [[2.2021276595744665, 123.12234042553192, 125.14893617021276, 1.5265957446808496], [1.5265957446808496, 125.14893617021276, 121.77127659574468, 1.5265957446808496]], 'ys': [[1.2606796116504748, 0.7791262135922224, 128.87233009708737, 125.98300970873785], [125.98300970873785, 128.87233009708737, 246.8529126213592, 246.37135922330094]]}",dark,FALSE,0,"(0, 1800)",0.439200444,0.57523598,1294.612811,113.7877322
1,SEFL10N5b_01_02_03_04_2024-02-01 11-02-48.mkv,98,TRUE,0.5,50,1800,"{'xs': [[2.2021276595744665, 123.12234042553192, 125.14893617021276, 1.5265957446808496], [1.5265957446808496, 125.14893617021276, 121.77127659574468, 1.5265957446808496]], 'ys': [[1.2606796116504748, 0.7791262135922224, 128.87233009708737, 125.98300970873785], [125.98300970873785, 128.87233009708737, 246.8529126213592, 246.37135922330094]]}",dark,FALSE,1,"(1800, 3600)",0.252637424,0.749583565,1452.173446,127.6362491
1,SEFL10N5b_01_02_03_04_2024-02-01 11-02-48.mkv,98,TRUE,0.5,50,1800,"{'xs': [[2.2021276595744665, 123.12234042553192, 125.14893617021276, 1.5265957446808496], [1.5265957446808496, 125.14893617021276, 121.77127659574468, 1.5265957446808496]], 'ys': [[1.2606796116504748, 0.7791262135922224, 128.87233009708737, 125.98300970873785], [125.98300970873785, 128.87233009708737, 246.8529126213592, 246.37135922330094]]}",dark,FALSE,2,"(3600, 5400)",0.245974459,0.754580788,1451.381222,127.5666179
1,SEFL10N5b_01_02_03_04_2024-02-01 11-02-48.mkv,98,TRUE,0.5,50,1800,"{'xs': [[2.2021276595744665, 123.12234042553192, 125.14893617021276, 1.5265957446808496], [1.5265957446808496, 125.14893617021276, 121.77127659574468, 1.5265957446808496]], 'ys': [[1.2606796116504748, 0.7791262135922224, 128.87233009708737, 125.98300970873785], [125.98300970873785, 128.87233009708737, 246.8529126213592, 246.37135922330094]]}",dark,FALSE,3,"(5400, 7200)",0.196557468,0.808439756,1255.866905,110.3822285
1,SEFL10N5b_01_02_03_04_2024-02-01 11-02-48.mkv,98,TRUE,0.5,50,1800,"{'xs': [[2.2021276595744665, 123.12234042553192, 125.14893617021276, 1.5265957446808496], [1.5265957446808496, 125.14893617021276, 121.77127659574468, 1.5265957446808496]], 'ys': [[1.2606796116504748, 0.7791262135922224, 128.87233009708737, 125.98300970873785], [125.98300970873785, 128.87233009708737, 246.8529126213592, 246.37135922330094]]}",dark,FALSE,4,"(7200, 9000)",0.286111111,0.713888889,1382.390074,121.5027614
2,SEFL10N5b_01_02_03_04_2024-02-01 11-02-48.mkv,98,TRUE,0.5,50,1800,"{'xs': [[2.850785340314136, 124.14921465968587, 126.82984293193718, 2.850785340314136], [2.850785340314136, 126.82984293193718, 126.15968586387434, 4.19109947643979]], 'ys': [[2.215429316888028, 2.215429316888028, 129.43554316888043, 127.99531546489563], [127.99531546489563, 129.43554316888043, 250.4146703036053, 249.934594402277]]}",dark,FALSE,0,"(0, 1800)",0.425319267,0.575791227,1147.501929,100.3444874
2,SEFL10N5b_01_02_03_04_2024-02-01 11-02-48.mkv,98,TRUE,0.5,50,1800,"{'xs': [[2.850785340314136, 124.14921465968587, 126.82984293193718, 2.850785340314136], [2.850785340314136, 126.82984293193718, 126.15968586387434, 4.19109947643979]], 'ys': [[2.215429316888028, 2.215429316888028, 129.43554316888043, 127.99531546489563], [127.99531546489563, 129.43554316888043, 250.4146703036053, 249.934594402277]]}",dark,FALSE,1,"(1800, 3600)",0.737368129,0.26485286,1460.007192,127.6718318
2,SEFL10N5b_01_02_03_04_2024-02-01 11-02-48.mkv,98,TRUE,0.5,50,1800,"{'xs': [[2.850785340314136, 124.14921465968587, 126.82984293193718, 2.850785340314136], [2.850785340314136, 126.82984293193718, 126.15968586387434, 4.19109947643979]], 'ys': [[2.215429316888028, 2.215429316888028, 129.43554316888043, 127.99531546489563], [127.99531546489563, 129.43554316888043, 250.4146703036053, 249.934594402277]]}",dark,FALSE,2,"(3600, 5400)",0.867295947,0.1332593,1045.923788,91.46188228
2,SEFL10N5b_01_02_03_04_2024-02-01 11-02-48.mkv,98,TRUE,0.5,50,1800,"{'xs': [[2.850785340314136, 124.14921465968587, 126.82984293193718, 2.850785340314136], [2.850785340314136, 126.82984293193718, 126.15968586387434, 4.19109947643979]], 'ys': [[2.215429316888028, 2.215429316888028, 129.43554316888043, 127.99531546489563], [127.99531546489563, 129.43554316888043, 250.4146703036053, 249.934594402277]]}",dark,FALSE,3,"(5400, 7200)",1,0,627.7382861,54.89322063
2,SEFL10N5b_01_02_03_04_2024-02-01 11-02-48.mkv,98,TRUE,0.5,50,1800,"{'xs': [[2.850785340314136, 124.14921465968587, 126.82984293193718, 2.850785340314136], [2.850785340314136, 126.82984293193718, 126.15968586387434, 4.19109947643979]], 'ys': [[2.215429316888028, 2.215429316888028, 129.43554316888043, 127.99531546489563], [127.99531546489563, 129.43554316888043, 250.4146703036053, 249.934594402277]]}",dark,FALSE,4,"(7200, 9000)",1,0,357.9519161,31.30147378
3,SEFL10N5b_01_02_03_04_2024-02-01 11-02-48.mkv,98,TRUE,0.5,50,1800,"{'xs': [[1.532258064516127, 117.37096774193547, 120.08064516129032, 3.5645161290322562], [3.5645161290322562, 120.08064516129032, 122.11290322580645, 1.532258064516127]], 'ys': [[0.781433105468759, 0.781433105468759, 124.76385498046876, 124.28143310546876], [124.28143310546876, 124.76385498046876, 244.88690185546875, 244.88690185546875]]}",light,FALSE,0,"(0, 1800)",0.511382565,0.494169906,1940.119332,169.1592654
3,SEFL10N5b_01_02_03_04_2024-02-01 11-02-48.mkv,98,TRUE,0.5,50,1800,"{'xs': [[1.532258064516127, 117.37096774193547, 120.08064516129032, 3.5645161290322562], [3.5645161290322562, 120.08064516129032, 122.11290322580645, 1.532258064516127]], 'ys': [[0.781433105468759, 0.781433105468759, 124.76385498046876, 124.28143310546876], [124.28143310546876, 124.76385498046876, 244.88690185546875, 244.88690185546875]]}",light,FALSE,1,"(1800, 3600)",0.343697946,0.667406996,1696.468823,147.9153448
3,SEFL10N5b_01_02_03_04_2024-02-01 11-02-48.mkv,98,TRUE,0.5,50,1800,"{'xs': [[1.532258064516127, 117.37096774193547, 120.08064516129032, 3.5645161290322562], [3.5645161290322562, 120.08064516129032, 122.11290322580645, 1.532258064516127]], 'ys': [[0.781433105468759, 0.781433105468759, 124.76385498046876, 124.28143310546876], [124.28143310546876, 124.76385498046876, 244.88690185546875, 244.88690185546875]]}",light,FALSE,2,"(3600, 5400)",0.230982787,0.775124931,1273.00238,110.9932487
3,SEFL10N5b_01_02_03_04_2024-02-01 11-02-48.mkv,98,TRUE,0.5,50,1800,"{'xs': [[1.532258064516127, 117.37096774193547, 120.08064516129032, 3.5645161290322562], [3.5645161290322562, 120.08064516129032, 122.11290322580645, 1.532258064516127]], 'ys': [[0.781433105468759, 0.781433105468759, 124.76385498046876, 124.28143310546876], [124.28143310546876, 124.76385498046876, 244.88690185546875, 244.88690185546875]]}",light,FALSE,3,"(5400, 7200)",0.243198223,0.758467518,1547.166077,134.8976182
3,SEFL10N5b_01_02_03_04_2024-02-01 11-02-48.mkv,98,TRUE,0.5,50,1800,"{'xs': [[1.532258064516127, 117.37096774193547, 120.08064516129032, 3.5645161290322562], [3.5645161290322562, 120.08064516129032, 122.11290322580645, 1.532258064516127]], 'ys': [[0.781433105468759, 0.781433105468759, 124.76385498046876, 124.28143310546876], [124.28143310546876, 124.76385498046876, 244.88690185546875, 244.88690185546875]]}",light,FALSE,4,"(7200, 9000)",0.342222222,0.659444444,1255.547118,109.471322
4,SEFL10N5b_01_02_03_04_2024-02-01 11-02-48.mkv,98,TRUE,0.5,50,1800,"{'xs': [[1.6052631578947378, 118.79824561403508, 117.39473684210526, 4.412280701754387], [4.412280701754387, 117.39473684210526, 116.69298245614034, 3.710526315789475]], 'ys': [[2.70012019230771, 1.7385817307692482, 126.73858173076924, 127.21935096153848], [127.21935096153848, 126.73858173076924, 247.41165865384616, 247.41165865384616]]}",dark,FALSE,0,"(0, 1800)",0.517490283,0.493059411,2095.277124,183.906139
4,SEFL10N5b_09_10_11_12_2024-02-01 11-28-18.mkv,98,TRUE,0.5,50,1800,"{'xs': [[1.6052631578947378, 118.79824561403508, 117.39473684210526, 4.412280701754387], [4.412280701754387, 117.39473684210526, 116.69298245614034, 3.710526315789475]], 'ys': [[2.70012019230771, 1.7385817307692482, 126.73858173076924, 127.21935096153848], [127.21935096153848, 126.73858173076924, 247.41165865384616, 247.41165865384616]]}",dark,FALSE,0,"(0, 1800)",0.631315936,0.370905053,1049.341903,92.10257475
4,SEFL10N5b_17_18_19_20_2024-02-01 11-53-58.mkv,98,TRUE,0.5,50,1800,"{'xs': [[1.6052631578947378, 118.79824561403508, 117.39473684210526, 4.412280701754387], [4.412280701754387, 117.39473684210526, 116.69298245614034, 3.710526315789475]], 'ys': [[2.70012019230771, 1.7385817307692482, 126.73858173076924, 127.21935096153848], [127.21935096153848, 126.73858173076924, 247.41165865384616, 247.41165865384616]]}",dark,FALSE,0,"(0, 1800)",0.583564686,0.420322043,916.5480786,80.44702842
4,SEFL10N5b_25_26_27_28_concatenated_2024-02-01 12-20-07.mkv,98,TRUE,0.5,50,1800,"{'xs': [[1.6052631578947378, 118.79824561403508, 117.39473684210526, 4.412280701754387], [4.412280701754387, 117.39473684210526, 116.69298245614034, 3.710526315789475]], 'ys': [[2.70012019230771, 1.7385817307692482, 126.73858173076924, 127.21935096153848], [127.21935096153848, 126.73858173076924, 247.41165865384616, 247.41165865384616]]}",dark,FALSE,0,"(0, 1800)",0.451971127,0.558578567,2060.128794,180.8211086
4,SEFL10N5b_33_34_35_36_2024-02-01 12-39-58.mkv,98,TRUE,0.5,50,1800,"{'xs': [[1.6052631578947378, 118.79824561403508, 117.39473684210526, 4.412280701754387], [4.412280701754387, 117.39473684210526, 116.69298245614034, 3.710526315789475]], 'ys': [[2.70012019230771, 1.7385817307692482, 126.73858173076924, 127.21935096153848], [127.21935096153848, 126.73858173076924, 247.41165865384616, 247.41165865384616]]}",dark,FALSE,0,"(0, 1800)",0.109383676,0.891726818,968.7738859,85.0309789
5,SEFL10N5b_05_06_07_08_2024-02-01 11-16-11.mkv,98,TRUE,0.5,50,1800,"{'xs': [[2.2021276595744665, 123.12234042553192, 125.14893617021276, 1.5265957446808496], [1.5265957446808496, 125.14893617021276, 121.77127659574468, 1.5265957446808496]], 'ys': [[1.2606796116504748, 0.7791262135922224, 128.87233009708737, 125.98300970873785], [125.98300970873785, 128.87233009708737, 246.8529126213592, 246.37135922330094]]}",dark,FALSE,0,"(0, 1800)",0.157690172,0.851749028,1412.006044,124.1058054
5,SEFL10N5b_05_06_07_08_2024-02-01 11-16-11.mkv,98,TRUE,0.5,50,1800,"{'xs': [[2.2021276595744665, 123.12234042553192, 125.14893617021276, 1.5265957446808496], [1.5265957446808496, 125.14893617021276, 121.77127659574468, 1.5265957446808496]], 'ys': [[1.2606796116504748, 0.7791262135922224, 128.87233009708737, 125.98300970873785], [125.98300970873785, 128.87233009708737, 246.8529126213592, 246.37135922330094]]}",dark,FALSE,1,"(1800, 3600)",0.176013326,0.827318157,1415.491324,124.412138
5,SEFL10N5b_05_06_07_08_2024-02-01 11-16-11.mkv,98,TRUE,0.5,50,1800,"{'xs': [[2.2021276595744665, 123.12234042553192, 125.14893617021276, 1.5265957446808496], [1.5265957446808496, 125.14893617021276, 121.77127659574468, 1.5265957446808496]], 'ys': [[1.2606796116504748, 0.7791262135922224, 128.87233009708737, 125.98300970873785], [125.98300970873785, 128.87233009708737, 246.8529126213592, 246.37135922330094]]}",dark,FALSE,2,"(3600, 5400)",0.086618545,0.914491949,1315.956219,115.6636737
5,SEFL10N5b_05_06_07_08_2024-02-01 11-16-11.mkv,98,TRUE,0.5,50,1800,"{'xs': [[2.2021276595744665, 123.12234042553192, 125.14893617021276, 1.5265957446808496], [1.5265957446808496, 125.14893617021276, 121.77127659574468, 1.5265957446808496]], 'ys': [[1.2606796116504748, 0.7791262135922224, 128.87233009708737, 125.98300970873785], [125.98300970873785, 128.87233009708737, 246.8529126213592, 246.37135922330094]]}",dark,FALSE,3,"(5400, 7200)",0.034980566,0.967240422,957.2266277,84.13376278
5,SEFL10N5b_05_06_07_08_2024-02-01 11-16-11.mkv,98,TRUE,0.5,50,1800,"{'xs': [[2.2021276595744665, 123.12234042553192, 125.14893617021276, 1.5265957446808496], [1.5265957446808496, 125.14893617021276, 121.77127659574468, 1.5265957446808496]], 'ys': [[1.2606796116504748, 0.7791262135922224, 128.87233009708737, 125.98300970873785], [125.98300970873785, 128.87233009708737, 246.8529126213592, 246.37135922330094]]}",dark,FALSE,4,"(7200, 9000)",0.186666667,0.813333333,1297.234598,114.0181695
6,SEFL10N5b_05_06_07_08_2024-02-01 11-16-11.mkv,98,TRUE,0.5,50,1800,"{'xs': [[2.850785340314136, 124.14921465968587, 126.82984293193718, 2.850785340314136], [2.850785340314136, 126.82984293193718, 126.15968586387434, 4.19109947643979]], 'ys': [[2.215429316888028, 2.215429316888028, 129.43554316888043, 127.99531546489563], [127.99531546489563, 129.43554316888043, 250.4146703036053, 249.934594402277]]}",light,FALSE,0,"(0, 1800)",0.134369795,0.866185453,1029.46035,90.02222005
6,SEFL10N5b_05_06_07_08_2024-02-01 11-16-11.mkv,98,TRUE,0.5,50,1800,"{'xs': [[2.850785340314136, 124.14921465968587, 126.82984293193718, 2.850785340314136], [2.850785340314136, 126.82984293193718, 126.15968586387434, 4.19109947643979]], 'ys': [[2.215429316888028, 2.215429316888028, 129.43554316888043, 127.99531546489563], [127.99531546489563, 129.43554316888043, 250.4146703036053, 249.934594402277]]}",light,FALSE,1,"(1800, 3600)",0.01332593,0.987229317,885.2357826,77.41035427
6,SEFL10N5b_05_06_07_08_2024-02-01 11-16-11.mkv,98,TRUE,0.5,50,1800,"{'xs': [[2.850785340314136, 124.14921465968587, 126.82984293193718, 2.850785340314136], [2.850785340314136, 126.82984293193718, 126.15968586387434, 4.19109947643979]], 'ys': [[2.215429316888028, 2.215429316888028, 129.43554316888043, 127.99531546489563], [127.99531546489563, 129.43554316888043, 250.4146703036053, 249.934594402277]]}",light,FALSE,2,"(3600, 5400)",0.107717934,0.89339256,930.5033035,81.36881924
6,SEFL10N5b_05_06_07_08_2024-02-01 11-16-11.mkv,98,TRUE,0.5,50,1800,"{'xs': [[2.850785340314136, 124.14921465968587, 126.82984293193718, 2.850785340314136], [2.850785340314136, 126.82984293193718, 126.15968586387434, 4.19109947643979]], 'ys': [[2.215429316888028, 2.215429316888028, 129.43554316888043, 127.99531546489563], [127.99531546489563, 129.43554316888043, 250.4146703036053, 249.934594402277]]}",light,FALSE,3,"(5400, 7200)",0.194891727,0.806218767,1101.128102,96.28928035
6,SEFL10N5b_05_06_07_08_2024-02-01 11-16-11.mkv,98,TRUE,0.5,50,1800,"{'xs': [[2.850785340314136, 124.14921465968587, 126.82984293193718, 2.850785340314136], [2.850785340314136, 126.82984293193718, 126.15968586387434, 4.19109947643979]], 'ys': [[2.215429316888028, 2.215429316888028, 129.43554316888043, 127.99531546489563], [127.99531546489563, 129.43554316888043, 250.4146703036053, 249.934594402277]]}",light,FALSE,4,"(7200, 9000)",0.197222222,0.803888889,1010.163689,88.33480368
7,SEFL10N5b_05_06_07_08_2024-02-01 11-16-11.mkv,98,TRUE,0.5,50,1800,"{'xs': [[1.532258064516127, 117.37096774193547, 120.08064516129032, 3.5645161290322562], [3.5645161290322562, 120.08064516129032, 122.11290322580645, 1.532258064516127]], 'ys': [[0.781433105468759, 0.781433105468759, 124.76385498046876, 124.28143310546876], [124.28143310546876, 124.76385498046876, 244.88690185546875, 244.88690185546875]]}",dark,FALSE,0,"(0, 1800)",0.318711827,0.687395891,1297.983779,113.1713802
7,SEFL10N5b_05_06_07_08_2024-02-01 11-16-11.mkv,98,TRUE,0.5,50,1800,"{'xs': [[1.532258064516127, 117.37096774193547, 120.08064516129032, 3.5645161290322562], [3.5645161290322562, 120.08064516129032, 122.11290322580645, 1.532258064516127]], 'ys': [[0.781433105468759, 0.781433105468759, 124.76385498046876, 124.28143310546876], [124.28143310546876, 124.76385498046876, 244.88690185546875, 244.88690185546875]]}",dark,FALSE,1,"(1800, 3600)",0,1,1468.887296,128.0724808
7,SEFL10N5b_05_06_07_08_2024-02-01 11-16-11.mkv,98,TRUE,0.5,50,1800,"{'xs': [[1.532258064516127, 117.37096774193547, 120.08064516129032, 3.5645161290322562], [3.5645161290322562, 120.08064516129032, 122.11290322580645, 1.532258064516127]], 'ys': [[0.781433105468759, 0.781433105468759, 124.76385498046876, 124.28143310546876], [124.28143310546876, 124.76385498046876, 244.88690185546875, 244.88690185546875]]}",dark,FALSE,2,"(3600, 5400)",0.120488617,0.88950583,1313.218455,114.4996936
7,SEFL10N5b_05_06_07_08_2024-02-01 11-16-11.mkv,98,TRUE,0.5,50,1800,"{'xs': [[1.532258064516127, 117.37096774193547, 120.08064516129032, 3.5645161290322562], [3.5645161290322562, 120.08064516129032, 122.11290322580645, 1.532258064516127]], 'ys': [[0.781433105468759, 0.781433105468759, 124.76385498046876, 124.28143310546876], [124.28143310546876, 124.76385498046876, 244.88690185546875, 244.88690185546875]]}",dark,FALSE,3,"(5400, 7200)",0.220433093,0.79622432,1340.502013,116.8785507
7,SEFL10N5b_05_06_07_08_2024-02-01 11-16-11.mkv,98,TRUE,0.5,50,1800,"{'xs': [[1.532258064516127, 117.37096774193547, 120.08064516129032, 3.5645161290322562], [3.5645161290322562, 120.08064516129032, 122.11290322580645, 1.532258064516127]], 'ys': [[0.781433105468759, 0.781433105468759, 124.76385498046876, 124.28143310546876], [124.28143310546876, 124.76385498046876, 244.88690185546875, 244.88690185546875]]}",dark,FALSE,4,"(7200, 9000)",0.340555556,0.659444444,1395.232483,121.6505077
8,SEFL10N5b_01_02_03_04_2024-02-01 11-02-48.mkv,98,TRUE,0.5,50,1800,"{'xs': [[1.6052631578947378, 118.79824561403508, 117.39473684210526, 4.412280701754387], [4.412280701754387, 117.39473684210526, 116.69298245614034, 3.710526315789475]], 'ys': [[2.70012019230771, 1.7385817307692482, 126.73858173076924, 127.21935096153848], [127.21935096153848, 126.73858173076924, 247.41165865384616, 247.41165865384616]]}",dark,FALSE,1,"(1800, 3600)",0.101610217,0.901166019,1327.02201,116.4750435
8,SEFL10N5b_09_10_11_12_2024-02-01 11-28-18.mkv,98,TRUE,0.5,50,1800,"{'xs': [[1.6052631578947378, 118.79824561403508, 117.39473684210526, 4.412280701754387], [4.412280701754387, 117.39473684210526, 116.69298245614034, 3.710526315789475]], 'ys': [[2.70012019230771, 1.7385817307692482, 126.73858173076924, 127.21935096153848], [127.21935096153848, 126.73858173076924, 247.41165865384616, 247.41165865384616]]}",dark,FALSE,1,"(1800, 3600)",0.223209328,0.79233759,973.0270249,85.40428435
8,SEFL10N5b_17_18_19_20_2024-02-01 11-53-58.mkv,98,TRUE,0.5,50,1800,"{'xs': [[1.6052631578947378, 118.79824561403508, 117.39473684210526, 4.412280701754387], [4.412280701754387, 117.39473684210526, 116.69298245614034, 3.710526315789475]], 'ys': [[2.70012019230771, 1.7385817307692482, 126.73858173076924, 127.21935096153848], [127.21935096153848, 126.73858173076924, 247.41165865384616, 247.41165865384616]]}",dark,FALSE,1,"(1800, 3600)",0.138811771,0.862298723,1384.753054,121.5421983
8,SEFL10N5b_25_26_27_28_concatenated_2024-02-01 12-20-07.mkv,98,TRUE,0.5,50,1800,"{'xs': [[1.6052631578947378, 118.79824561403508, 117.39473684210526, 4.412280701754387], [4.412280701754387, 117.39473684210526, 116.69298245614034, 3.710526315789475]], 'ys': [[2.70012019230771, 1.7385817307692482, 126.73858173076924, 127.21935096153848], [127.21935096153848, 126.73858173076924, 247.41165865384616, 247.41165865384616]]}",dark,FALSE,1,"(1800, 3600)",0.347029428,0.65519156,1723.35101,151.2615333
8,SEFL10N5b_33_34_35_36_2024-02-01 12-39-58.mkv,98,TRUE,0.5,50,1800,"{'xs': [[1.6052631578947378, 118.79824561403508, 117.39473684210526, 4.412280701754387], [4.412280701754387, 117.39473684210526, 116.69298245614034, 3.710526315789475]], 'ys': [[2.70012019230771, 1.7385817307692482, 126.73858173076924, 127.21935096153848], [127.21935096153848, 126.73858173076924, 247.41165865384616, 247.41165865384616]]}",dark,FALSE,1,"(1800, 3600)",0,1,604.3371734,53.04373104
9,SEFL10N5b_09_10_11_12_2024-02-01 11-28-18.mkv,98,TRUE,0.5,50,1800,"{'xs': [[2.2021276595744665, 123.12234042553192, 125.14893617021276, 1.5265957446808496], [1.5265957446808496, 125.14893617021276, 121.77127659574468, 1.5265957446808496]], 'ys': [[1.2606796116504748, 0.7791262135922224, 128.87233009708737, 125.98300970873785], [125.98300970873785, 128.87233009708737, 246.8529126213592, 246.37135922330094]]}",light,FALSE,0,"(0, 1800)",0.368128817,0.636313159,1464.765278,128.7429861
9,SEFL10N5b_09_10_11_12_2024-02-01 11-28-18.mkv,98,TRUE,0.5,50,1800,"{'xs': [[2.2021276595744665, 123.12234042553192, 125.14893617021276, 1.5265957446808496], [1.5265957446808496, 125.14893617021276, 121.77127659574468, 1.5265957446808496]], 'ys': [[1.2606796116504748, 0.7791262135922224, 128.87233009708737, 125.98300970873785], [125.98300970873785, 128.87233009708737, 246.8529126213592, 246.37135922330094]]}",light,FALSE,1,"(1800, 3600)",0.173237091,0.826762909,1487.70447,130.7591863
9,SEFL10N5b_09_10_11_12_2024-02-01 11-28-18.mkv,98,TRUE,0.5,50,1800,"{'xs': [[2.2021276595744665, 123.12234042553192, 125.14893617021276, 1.5265957446808496], [1.5265957446808496, 125.14893617021276, 121.77127659574468, 1.5265957446808496]], 'ys': [[1.2606796116504748, 0.7791262135922224, 128.87233009708737, 125.98300970873785], [125.98300970873785, 128.87233009708737, 246.8529126213592, 246.37135922330094]]}",light,FALSE,2,"(3600, 5400)",0.023320378,0.980011105,594.6000939,52.26133687
9,SEFL10N5b_09_10_11_12_2024-02-01 11-28-18.mkv,98,TRUE,0.5,50,1800,"{'xs': [[2.2021276595744665, 123.12234042553192, 125.14893617021276, 1.5265957446808496], [1.5265957446808496, 125.14893617021276, 121.77127659574468, 1.5265957446808496]], 'ys': [[1.2606796116504748, 0.7791262135922224, 128.87233009708737, 125.98300970873785], [125.98300970873785, 128.87233009708737, 246.8529126213592, 246.37135922330094]]}",light,FALSE,3,"(5400, 7200)",0.240421988,0.759578012,1408.634597,123.809478
9,SEFL10N5b_09_10_11_12_2024-02-01 11-28-18.mkv,98,TRUE,0.5,50,1800,"{'xs': [[2.2021276595744665, 123.12234042553192, 125.14893617021276, 1.5265957446808496], [1.5265957446808496, 125.14893617021276, 121.77127659574468, 1.5265957446808496]], 'ys': [[1.2606796116504748, 0.7791262135922224, 128.87233009708737, 125.98300970873785], [125.98300970873785, 128.87233009708737, 246.8529126213592, 246.37135922330094]]}",light,FALSE,4,"(7200, 9000)",0.194444444,0.807777778,1304.236753,114.6336117
10,SEFL10N5b_09_10_11_12_2024-02-01 11-28-18.mkv,98,TRUE,0.5,50,1800,"{'xs': [[2.850785340314136, 124.14921465968587, 126.82984293193718, 2.850785340314136], [2.850785340314136, 126.82984293193718, 126.15968586387434, 4.19109947643979]], 'ys': [[2.215429316888028, 2.215429316888028, 129.43554316888043, 127.99531546489563], [127.99531546489563, 129.43554316888043, 250.4146703036053, 249.934594402277]]}",dark,FALSE,0,"(0, 1800)",0,1,241.1853758,21.09070347
10,SEFL10N5b_09_10_11_12_2024-02-01 11-28-18.mkv,98,TRUE,0.5,50,1800,"{'xs': [[2.850785340314136, 124.14921465968587, 126.82984293193718, 2.850785340314136], [2.850785340314136, 126.82984293193718, 126.15968586387434, 4.19109947643979]], 'ys': [[2.215429316888028, 2.215429316888028, 129.43554316888043, 127.99531546489563], [127.99531546489563, 129.43554316888043, 250.4146703036053, 249.934594402277]]}",dark,FALSE,1,"(1800, 3600)",0.074403109,0.931149361,842.9985813,73.71687872
10,SEFL10N5b_09_10_11_12_2024-02-01 11-28-18.mkv,98,TRUE,0.5,50,1800,"{'xs': [[2.850785340314136, 124.14921465968587, 126.82984293193718, 2.850785340314136], [2.850785340314136, 126.82984293193718, 126.15968586387434, 4.19109947643979]], 'ys': [[2.215429316888028, 2.215429316888028, 129.43554316888043, 127.99531546489563], [127.99531546489563, 129.43554316888043, 250.4146703036053, 249.934594402277]]}",dark,FALSE,2,"(3600, 5400)",0,1,886.2711,77.50088867
10,SEFL10N5b_09_10_11_12_2024-02-01 11-28-18.mkv,98,TRUE,0.5,50,1800,"{'xs': [[2.850785340314136, 124.14921465968587, 126.82984293193718, 2.850785340314136], [2.850785340314136, 126.82984293193718, 126.15968586387434, 4.19109947643979]], 'ys': [[2.215429316888028, 2.215429316888028, 129.43554316888043, 127.99531546489563], [127.99531546489563, 129.43554316888043, 250.4146703036053, 249.934594402277]]}",dark,FALSE,3,"(5400, 7200)",0.144364242,0.855635758,1039.458148,90.89648775
10,SEFL10N5b_09_10_11_12_2024-02-01 11-28-18.mkv,98,TRUE,0.5,50,1800,"{'xs': [[2.850785340314136, 124.14921465968587, 126.82984293193718, 2.850785340314136], [2.850785340314136, 126.82984293193718, 126.15968586387434, 4.19109947643979]], 'ys': [[2.215429316888028, 2.215429316888028, 129.43554316888043, 127.99531546489563], [127.99531546489563, 129.43554316888043, 250.4146703036053, 249.934594402277]]}",dark,FALSE,4,"(7200, 9000)",0.122222222,0.878888889,1058.222989,92.53739865
11,SEFL10N5b_09_10_11_12_2024-02-01 11-28-18.mkv,98,TRUE,0.5,50,1800,"{'xs': [[1.532258064516127, 117.37096774193547, 120.08064516129032, 3.5645161290322562], [3.5645161290322562, 120.08064516129032, 122.11290322580645, 1.532258064516127]], 'ys': [[0.781433105468759, 0.781433105468759, 124.76385498046876, 124.28143310546876], [124.28143310546876, 124.76385498046876, 244.88690185546875, 244.88690185546875]]}",dark,FALSE,0,"(0, 1800)",0.309272626,0.690727374,1523.85591,132.8652016
11,SEFL10N5b_09_10_11_12_2024-02-01 11-28-18.mkv,98,TRUE,0.5,50,1800,"{'xs': [[1.532258064516127, 117.37096774193547, 120.08064516129032, 3.5645161290322562], [3.5645161290322562, 120.08064516129032, 122.11290322580645, 1.532258064516127]], 'ys': [[0.781433105468759, 0.781433105468759, 124.76385498046876, 124.28143310546876], [124.28143310546876, 124.76385498046876, 244.88690185546875, 244.88690185546875]]}",dark,FALSE,1,"(1800, 3600)",0.205996669,0.795669073,1150.342025,100.2984758
11,SEFL10N5b_09_10_11_12_2024-02-01 11-28-18.mkv,98,TRUE,0.5,50,1800,"{'xs': [[1.532258064516127, 117.37096774193547, 120.08064516129032, 3.5645161290322562], [3.5645161290322562, 120.08064516129032, 122.11290322580645, 1.532258064516127]], 'ys': [[0.781433105468759, 0.781433105468759, 124.76385498046876, 124.28143310546876], [124.28143310546876, 124.76385498046876, 244.88690185546875, 244.88690185546875]]}",dark,FALSE,2,"(3600, 5400)",0.168795114,0.835091616,1234.223442,107.6121078
11,SEFL10N5b_09_10_11_12_2024-02-01 11-28-18.mkv,98,TRUE,0.5,50,1800,"{'xs': [[1.532258064516127, 117.37096774193547, 120.08064516129032, 3.5645161290322562], [3.5645161290322562, 120.08064516129032, 122.11290322580645, 1.532258064516127]], 'ys': [[0.781433105468759, 0.781433105468759, 124.76385498046876, 124.28143310546876], [124.28143310546876, 124.76385498046876, 244.88690185546875, 244.88690185546875]]}",dark,FALSE,3,"(5400, 7200)",0.170460855,0.833425875,1006.878742,87.78989285
11,SEFL10N5b_09_10_11_12_2024-02-01 11-28-18.mkv,98,TRUE,0.5,50,1800,"{'xs': [[1.532258064516127, 117.37096774193547, 120.08064516129032, 3.5645161290322562], [3.5645161290322562, 120.08064516129032, 122.11290322580645, 1.532258064516127]], 'ys': [[0.781433105468759, 0.781433105468759, 124.76385498046876, 124.28143310546876], [124.28143310546876, 124.76385498046876, 244.88690185546875, 244.88690185546875]]}",dark,FALSE,4,"(7200, 9000)",0.105555556,0.894444444,907.4691151,79.12235414
12,SEFL10N5b_01_02_03_04_2024-02-01 11-02-48.mkv,98,TRUE,0.5,50,1800,"{'xs': [[1.6052631578947378, 118.79824561403508, 117.39473684210526, 4.412280701754387], [4.412280701754387, 117.39473684210526, 116.69298245614034, 3.710526315789475]], 'ys': [[2.70012019230771, 1.7385817307692482, 126.73858173076924, 127.21935096153848], [127.21935096153848, 126.73858173076924, 247.41165865384616, 247.41165865384616]]}",dark,FALSE,2,"(3600, 5400)",0.08384231,0.91615769,1212.355986,106.410606
12,SEFL10N5b_09_10_11_12_2024-02-01 11-28-18.mkv,98,TRUE,0.5,50,1800,"{'xs': [[1.6052631578947378, 118.79824561403508, 117.39473684210526, 4.412280701754387], [4.412280701754387, 117.39473684210526, 116.69298245614034, 3.710526315789475]], 'ys': [[2.70012019230771, 1.7385817307692482, 126.73858173076924, 127.21935096153848], [127.21935096153848, 126.73858173076924, 247.41165865384616, 247.41165865384616]]}",dark,FALSE,2,"(3600, 5400)",0.23042754,0.771793448,947.2304517,83.14007399
12,SEFL10N5b_17_18_19_20_2024-02-01 11-53-58.mkv,98,TRUE,0.5,50,1800,"{'xs': [[1.6052631578947378, 118.79824561403508, 117.39473684210526, 4.412280701754387], [4.412280701754387, 117.39473684210526, 116.69298245614034, 3.710526315789475]], 'ys': [[2.70012019230771, 1.7385817307692482, 126.73858173076924, 127.21935096153848], [127.21935096153848, 126.73858173076924, 247.41165865384616, 247.41165865384616]]}",dark,FALSE,2,"(3600, 5400)",0.019988895,0.987229317,939.1991037,82.43514852
12,SEFL10N5b_25_26_27_28_concatenated_2024-02-01 12-20-07.mkv,98,TRUE,0.5,50,1800,"{'xs': [[1.6052631578947378, 118.79824561403508, 117.39473684210526, 4.412280701754387], [4.412280701754387, 117.39473684210526, 116.69298245614034, 3.710526315789475]], 'ys': [[2.70012019230771, 1.7385817307692482, 126.73858173076924, 127.21935096153848], [127.21935096153848, 126.73858173076924, 247.41165865384616, 247.41165865384616]]}",dark,FALSE,2,"(3600, 5400)",0.316490838,0.683509162,1310.405579,115.0165903
12,SEFL10N5b_33_34_35_36_2024-02-01 12-39-58.mkv,98,TRUE,0.5,50,1800,"{'xs': [[1.6052631578947378, 118.79824561403508, 117.39473684210526, 4.412280701754387], [4.412280701754387, 117.39473684210526, 116.69298245614034, 3.710526315789475]], 'ys': [[2.70012019230771, 1.7385817307692482, 126.73858173076924, 127.21935096153848], [127.21935096153848, 126.73858173076924, 247.41165865384616, 247.41165865384616]]}",dark,FALSE,2,"(3600, 5400)",0,1,401.4391779,35.23501899
13,SEFL10N5b_13_14_15_16_2024-02-01 11-41-23.mkv,98,TRUE,0.5,50,1800,"{'xs': [[2.2021276595744665, 123.12234042553192, 125.14893617021276, 1.5265957446808496], [1.5265957446808496, 125.14893617021276, 121.77127659574468, 1.5265957446808496]], 'ys': [[1.2606796116504748, 0.7791262135922224, 128.87233009708737, 125.98300970873785], [125.98300970873785, 128.87233009708737, 246.8529126213592, 246.37135922330094]]}",dark,FALSE,0,"(0, 1800)",0.017767907,0.982232093,571.2245466,50.20678396
13,SEFL10N5b_13_14_15_16_2024-02-01 11-41-23.mkv,98,TRUE,0.5,50,1800,"{'xs': [[2.2021276595744665, 123.12234042553192, 125.14893617021276, 1.5265957446808496], [1.5265957446808496, 125.14893617021276, 121.77127659574468, 1.5265957446808496]], 'ys': [[1.2606796116504748, 0.7791262135922224, 128.87233009708737, 125.98300970873785], [125.98300970873785, 128.87233009708737, 246.8529126213592, 246.37135922330094]]}",dark,FALSE,1,"(1800, 3600)",0.157690172,0.843975569,739.2591358,64.97589073
13,SEFL10N5b_13_14_15_16_2024-02-01 11-41-23.mkv,98,TRUE,0.5,50,1800,"{'xs': [[2.2021276595744665, 123.12234042553192, 125.14893617021276, 1.5265957446808496], [1.5265957446808496, 125.14893617021276, 121.77127659574468, 1.5265957446808496]], 'ys': [[1.2606796116504748, 0.7791262135922224, 128.87233009708737, 125.98300970873785], [125.98300970873785, 128.87233009708737, 246.8529126213592, 246.37135922330094]]}",dark,FALSE,2,"(3600, 5400)",0,1,585.9781572,51.5035268
13,SEFL10N5b_13_14_15_16_2024-02-01 11-41-23.mkv,98,TRUE,0.5,50,1800,"{'xs': [[2.2021276595744665, 123.12234042553192, 125.14893617021276, 1.5265957446808496], [1.5265957446808496, 125.14893617021276, 121.77127659574468, 1.5265957446808496]], 'ys': [[1.2606796116504748, 0.7791262135922224, 128.87233009708737, 125.98300970873785], [125.98300970873785, 128.87233009708737, 246.8529126213592, 246.37135922330094]]}",dark,FALSE,3,"(5400, 7200)",0.224875069,0.776235425,733.9347552,64.5079136
13,SEFL10N5b_13_14_15_16_2024-02-01 11-41-23.mkv,98,TRUE,0.5,50,1800,"{'xs': [[2.2021276595744665, 123.12234042553192, 125.14893617021276, 1.5265957446808496], [1.5265957446808496, 125.14893617021276, 121.77127659574468, 1.5265957446808496]], 'ys': [[1.2606796116504748, 0.7791262135922224, 128.87233009708737, 125.98300970873785], [125.98300970873785, 128.87233009708737, 246.8529126213592, 246.37135922330094]]}",dark,FALSE,4,"(7200, 9000)",0.139444444,0.860555556,1204.872888,105.9001984
14,SEFL10N5b_13_14_15_16_2024-02-01 11-41-23.mkv,98,TRUE,0.5,50,1800,"{'xs': [[2.850785340314136, 124.14921465968587, 126.82984293193718, 2.850785340314136], [2.850785340314136, 126.82984293193718, 126.15968586387434, 4.19109947643979]], 'ys': [[2.215429316888028, 2.215429316888028, 129.43554316888043, 127.99531546489563], [127.99531546489563, 129.43554316888043, 250.4146703036053, 249.934594402277]]}",dark,FALSE,0,"(0, 1800)",0.154913937,0.85341477,1233.445733,107.8599319
14,SEFL10N5b_13_14_15_16_2024-02-01 11-41-23.mkv,98,TRUE,0.5,50,1800,"{'xs': [[2.850785340314136, 124.14921465968587, 126.82984293193718, 2.850785340314136], [2.850785340314136, 126.82984293193718, 126.15968586387434, 4.19109947643979]], 'ys': [[2.215429316888028, 2.215429316888028, 129.43554316888043, 127.99531546489563], [127.99531546489563, 129.43554316888043, 250.4146703036053, 249.934594402277]]}",dark,FALSE,1,"(1800, 3600)",0.121043865,0.88006663,646.4853635,56.53257811
14,SEFL10N5b_13_14_15_16_2024-02-01 11-41-23.mkv,98,TRUE,0.5,50,1800,"{'xs': [[2.850785340314136, 124.14921465968587, 126.82984293193718, 2.850785340314136], [2.850785340314136, 126.82984293193718, 126.15968586387434, 4.19109947643979]], 'ys': [[2.215429316888028, 2.215429316888028, 129.43554316888043, 127.99531546489563], [127.99531546489563, 129.43554316888043, 250.4146703036053, 249.934594402277]]}",dark,FALSE,2,"(3600, 5400)",0.03053859,0.977790117,1227.097495,107.3048036
14,SEFL10N5b_13_14_15_16_2024-02-01 11-41-23.mkv,98,TRUE,0.5,50,1800,"{'xs': [[2.850785340314136, 124.14921465968587, 126.82984293193718, 2.850785340314136], [2.850785340314136, 126.82984293193718, 126.15968586387434, 4.19109947643979]], 'ys': [[2.215429316888028, 2.215429316888028, 129.43554316888043, 127.99531546489563], [127.99531546489563, 129.43554316888043, 250.4146703036053, 249.934594402277]]}",dark,FALSE,3,"(5400, 7200)",0.303720155,0.700721821,1472.564011,128.7698758
14,SEFL10N5b_13_14_15_16_2024-02-01 11-41-23.mkv,98,TRUE,0.5,50,1800,"{'xs': [[2.850785340314136, 124.14921465968587, 126.82984293193718, 2.850785340314136], [2.850785340314136, 126.82984293193718, 126.15968586387434, 4.19109947643979]], 'ys': [[2.215429316888028, 2.215429316888028, 129.43554316888043, 127.99531546489563], [127.99531546489563, 129.43554316888043, 250.4146703036053, 249.934594402277]]}",dark,FALSE,4,"(7200, 9000)",0.266666667,0.751666667,1215.898673,106.3255111
15,SEFL10N5b_13_14_15_16_2024-02-01 11-41-23.mkv,98,TRUE,0.5,50,1800,"{'xs': [[1.532258064516127, 117.37096774193547, 120.08064516129032, 3.5645161290322562], [3.5645161290322562, 120.08064516129032, 122.11290322580645, 1.532258064516127]], 'ys': [[0.781433105468759, 0.781433105468759, 124.76385498046876, 124.28143310546876], [124.28143310546876, 124.76385498046876, 244.88690185546875, 244.88690185546875]]}",dark,FALSE,0,"(0, 1800)",0.26096613,0.745141588,1835.205921,160.011851
15,SEFL10N5b_13_14_15_16_2024-02-01 11-41-23.mkv,98,TRUE,0.5,50,1800,"{'xs': [[1.532258064516127, 117.37096774193547, 120.08064516129032, 3.5645161290322562], [3.5645161290322562, 120.08064516129032, 122.11290322580645, 1.532258064516127]], 'ys': [[0.781433105468759, 0.781433105468759, 124.76385498046876, 124.28143310546876], [124.28143310546876, 124.76385498046876, 244.88690185546875, 244.88690185546875]]}",dark,FALSE,1,"(1800, 3600)",0.174347585,0.826207662,1600.860639,139.5792543
15,SEFL10N5b_13_14_15_16_2024-02-01 11-41-23.mkv,98,TRUE,0.5,50,1800,"{'xs': [[1.532258064516127, 117.37096774193547, 120.08064516129032, 3.5645161290322562], [3.5645161290322562, 120.08064516129032, 122.11290322580645, 1.532258064516127]], 'ys': [[0.781433105468759, 0.781433105468759, 124.76385498046876, 124.28143310546876], [124.28143310546876, 124.76385498046876, 244.88690185546875, 244.88690185546875]]}",dark,FALSE,2,"(3600, 5400)",0.358689617,0.643531371,1552.752399,135.3846904
15,SEFL10N5b_13_14_15_16_2024-02-01 11-41-23.mkv,98,TRUE,0.5,50,1800,"{'xs': [[1.532258064516127, 117.37096774193547, 120.08064516129032, 3.5645161290322562], [3.5645161290322562, 120.08064516129032, 122.11290322580645, 1.532258064516127]], 'ys': [[0.781433105468759, 0.781433105468759, 124.76385498046876, 124.28143310546876], [124.28143310546876, 124.76385498046876, 244.88690185546875, 244.88690185546875]]}",dark,FALSE,3,"(5400, 7200)",0.083287063,0.916712937,1158.961602,101.0500179
15,SEFL10N5b_13_14_15_16_2024-02-01 11-41-23.mkv,98,TRUE,0.5,50,1800,"{'xs': [[1.532258064516127, 117.37096774193547, 120.08064516129032, 3.5645161290322562], [3.5645161290322562, 120.08064516129032, 122.11290322580645, 1.532258064516127]], 'ys': [[0.781433105468759, 0.781433105468759, 124.76385498046876, 124.28143310546876], [124.28143310546876, 124.76385498046876, 244.88690185546875, 244.88690185546875]]}",dark,FALSE,4,"(7200, 9000)",0.431666667,0.577222222,1643.462235,143.2936932
16,SEFL10N5b_01_02_03_04_2024-02-01 11-02-48.mkv,98,TRUE,0.5,50,1800,"{'xs': [[1.6052631578947378, 118.79824561403508, 117.39473684210526, 4.412280701754387], [4.412280701754387, 117.39473684210526, 116.69298245614034, 3.710526315789475]], 'ys': [[2.70012019230771, 1.7385817307692482, 126.73858173076924, 127.21935096153848], [127.21935096153848, 126.73858173076924, 247.41165865384616, 247.41165865384616]]}",dark,FALSE,3,"(5400, 7200)",0.398667407,0.605219323,1520.096409,133.4215213
16,SEFL10N5b_09_10_11_12_2024-02-01 11-28-18.mkv,98,TRUE,0.5,50,1800,"{'xs': [[1.6052631578947378, 118.79824561403508, 117.39473684210526, 4.412280701754387], [4.412280701754387, 117.39473684210526, 116.69298245614034, 3.710526315789475]], 'ys': [[2.70012019230771, 1.7385817307692482, 126.73858173076924, 127.21935096153848], [127.21935096153848, 126.73858173076924, 247.41165865384616, 247.41165865384616]]}",dark,FALSE,3,"(5400, 7200)",0.205996669,0.794003331,1012.896697,88.90371523
16,SEFL10N5b_17_18_19_20_2024-02-01 11-53-58.mkv,98,TRUE,0.5,50,1800,"{'xs': [[1.6052631578947378, 118.79824561403508, 117.39473684210526, 4.412280701754387], [4.412280701754387, 117.39473684210526, 116.69298245614034, 3.710526315789475]], 'ys': [[2.70012019230771, 1.7385817307692482, 126.73858173076924, 127.21935096153848], [127.21935096153848, 126.73858173076924, 247.41165865384616, 247.41165865384616]]}",dark,FALSE,3,"(5400, 7200)",0,1,596.2821613,52.33672853
16,SEFL10N5b_25_26_27_28_concatenated_2024-02-01 12-20-07.mkv,98,TRUE,0.5,50,1800,"{'xs': [[1.6052631578947378, 118.79824561403508, 117.39473684210526, 4.412280701754387], [4.412280701754387, 117.39473684210526, 116.69298245614034, 3.710526315789475]], 'ys': [[2.70012019230771, 1.7385817307692482, 126.73858173076924, 127.21935096153848], [127.21935096153848, 126.73858173076924, 247.41165865384616, 247.41165865384616]]}",dark,FALSE,3,"(5400, 7200)",0.101610217,0.899500278,1095.268909,96.13366842
16,SEFL10N5b_33_34_35_36_2024-02-01 12-39-58.mkv,98,TRUE,0.5,50,1800,"{'xs': [[1.6052631578947378, 118.79824561403508, 117.39473684210526, 4.412280701754387], [4.412280701754387, 117.39473684210526, 116.69298245614034, 3.710526315789475]], 'ys': [[2.70012019230771, 1.7385817307692482, 126.73858173076924, 127.21935096153848], [127.21935096153848, 126.73858173076924, 247.41165865384616, 247.41165865384616]]}",dark,FALSE,3,"(5400, 7200)",0.134369795,0.865630205,774.4154152,67.97179588
17,SEFL10N5b_17_18_19_20_2024-02-01 11-53-58.mkv,98,TRUE,0.5,50,1800,"{'xs': [[2.2021276595744665, 123.12234042553192, 125.14893617021276, 1.5265957446808496], [1.5265957446808496, 125.14893617021276, 121.77127659574468, 1.5265957446808496]], 'ys': [[1.2606796116504748, 0.7791262135922224, 128.87233009708737, 125.98300970873785], [125.98300970873785, 128.87233009708737, 246.8529126213592, 246.37135922330094]]}",dark,FALSE,0,"(0, 1800)",0.42865075,0.57912271,1984.228035,174.400258
17,SEFL10N5b_17_18_19_20_2024-02-01 11-53-58.mkv,98,TRUE,0.5,50,1800,"{'xs': [[2.2021276595744665, 123.12234042553192, 125.14893617021276, 1.5265957446808496], [1.5265957446808496, 125.14893617021276, 121.77127659574468, 1.5265957446808496]], 'ys': [[1.2606796116504748, 0.7791262135922224, 128.87233009708737, 125.98300970873785], [125.98300970873785, 128.87233009708737, 246.8529126213592, 246.37135922330094]]}",dark,FALSE,1,"(1800, 3600)",0.224875069,0.777345919,1433.65164,126.0083072
17,SEFL10N5b_17_18_19_20_2024-02-01 11-53-58.mkv,98,TRUE,0.5,50,1800,"{'xs': [[2.2021276595744665, 123.12234042553192, 125.14893617021276, 1.5265957446808496], [1.5265957446808496, 125.14893617021276, 121.77127659574468, 1.5265957446808496]], 'ys': [[1.2606796116504748, 0.7791262135922224, 128.87233009708737, 125.98300970873785], [125.98300970873785, 128.87233009708737, 246.8529126213592, 246.37135922330094]]}",dark,FALSE,2,"(3600, 5400)",0.293170461,0.71238201,1533.683903,134.8004683
17,SEFL10N5b_17_18_19_20_2024-02-01 11-53-58.mkv,98,TRUE,0.5,50,1800,"{'xs': [[2.2021276595744665, 123.12234042553192, 125.14893617021276, 1.5265957446808496], [1.5265957446808496, 125.14893617021276, 121.77127659574468, 1.5265957446808496]], 'ys': [[1.2606796116504748, 0.7791262135922224, 128.87233009708737, 125.98300970873785], [125.98300970873785, 128.87233009708737, 246.8529126213592, 246.37135922330094]]}",dark,FALSE,3,"(5400, 7200)",0.31038312,0.697390339,1358.899207,119.4380727
17,SEFL10N5b_17_18_19_20_2024-02-01 11-53-58.mkv,98,TRUE,0.5,50,1800,"{'xs': [[2.2021276595744665, 123.12234042553192, 125.14893617021276, 1.5265957446808496], [1.5265957446808496, 125.14893617021276, 121.77127659574468, 1.5265957446808496]], 'ys': [[1.2606796116504748, 0.7791262135922224, 128.87233009708737, 125.98300970873785], [125.98300970873785, 128.87233009708737, 246.8529126213592, 246.37135922330094]]}",dark,FALSE,4,"(7200, 9000)",0.017222222,0.983333333,852.3638963,74.91703613
18,SEFL10N5b_17_18_19_20_2024-02-01 11-53-58.mkv,98,TRUE,0.5,50,1800,"{'xs': [[2.850785340314136, 124.14921465968587, 126.82984293193718, 2.850785340314136], [2.850785340314136, 126.82984293193718, 126.15968586387434, 4.19109947643979]], 'ys': [[2.215429316888028, 2.215429316888028, 129.43554316888043, 127.99531546489563], [127.99531546489563, 129.43554316888043, 250.4146703036053, 249.934594402277]]}",dark,FALSE,0,"(0, 1800)",0.377568018,0.629094947,1857.412549,162.4233524
18,SEFL10N5b_17_18_19_20_2024-02-01 11-53-58.mkv,98,TRUE,0.5,50,1800,"{'xs': [[2.850785340314136, 124.14921465968587, 126.82984293193718, 2.850785340314136], [2.850785340314136, 126.82984293193718, 126.15968586387434, 4.19109947643979]], 'ys': [[2.215429316888028, 2.215429316888028, 129.43554316888043, 127.99531546489563], [127.99531546489563, 129.43554316888043, 250.4146703036053, 249.934594402277]]}",dark,FALSE,1,"(1800, 3600)",0.089950028,0.914491949,978.4020209,85.55737189
18,SEFL10N5b_17_18_19_20_2024-02-01 11-53-58.mkv,98,TRUE,0.5,50,1800,"{'xs': [[2.850785340314136, 124.14921465968587, 126.82984293193718, 2.850785340314136], [2.850785340314136, 126.82984293193718, 126.15968586387434, 4.19109947643979]], 'ys': [[2.215429316888028, 2.215429316888028, 129.43554316888043, 127.99531546489563], [127.99531546489563, 129.43554316888043, 250.4146703036053, 249.934594402277]]}",dark,FALSE,2,"(3600, 5400)",0.240421988,0.770682954,1358.983788,118.8377363
18,SEFL10N5b_17_18_19_20_2024-02-01 11-53-58.mkv,98,TRUE,0.5,50,1800,"{'xs': [[2.850785340314136, 124.14921465968587, 126.82984293193718, 2.850785340314136], [2.850785340314136, 126.82984293193718, 126.15968586387434, 4.19109947643979]], 'ys': [[2.215429316888028, 2.215429316888028, 129.43554316888043, 127.99531546489563], [127.99531546489563, 129.43554316888043, 250.4146703036053, 249.934594402277]]}",dark,FALSE,3,"(5400, 7200)",0.240421988,0.760688506,1081.550468,94.57729398
18,SEFL10N5b_17_18_19_20_2024-02-01 11-53-58.mkv,98,TRUE,0.5,50,1800,"{'xs': [[2.850785340314136, 124.14921465968587, 126.82984293193718, 2.850785340314136], [2.850785340314136, 126.82984293193718, 126.15968586387434, 4.19109947643979]], 'ys': [[2.215429316888028, 2.215429316888028, 129.43554316888043, 127.99531546489563], [127.99531546489563, 129.43554316888043, 250.4146703036053, 249.934594402277]]}",dark,FALSE,4,"(7200, 9000)",0.15,0.850555556,1050.416488,91.85475106
19,SEFL10N5b_17_18_19_20_2024-02-01 11-53-58.mkv,98,TRUE,0.5,50,1800,"{'xs': [[1.532258064516127, 117.37096774193547, 120.08064516129032, 3.5645161290322562], [3.5645161290322562, 120.08064516129032, 122.11290322580645, 1.532258064516127]], 'ys': [[0.781433105468759, 0.781433105468759, 124.76385498046876, 124.28143310546876], [124.28143310546876, 124.76385498046876, 244.88690185546875, 244.88690185546875]]}",dark,FALSE,0,"(0, 1800)",0.29150472,0.711271516,1833.300495,159.8457166
19,SEFL10N5b_17_18_19_20_2024-02-01 11-53-58.mkv,98,TRUE,0.5,50,1800,"{'xs': [[1.532258064516127, 117.37096774193547, 120.08064516129032, 3.5645161290322562], [3.5645161290322562, 120.08064516129032, 122.11290322580645, 1.532258064516127]], 'ys': [[0.781433105468759, 0.781433105468759, 124.76385498046876, 124.28143310546876], [124.28143310546876, 124.76385498046876, 244.88690185546875, 244.88690185546875]]}",dark,FALSE,1,"(1800, 3600)",0.215991116,0.786785119,1277.688918,111.4018685
19,SEFL10N5b_17_18_19_20_2024-02-01 11-53-58.mkv,98,TRUE,0.5,50,1800,"{'xs': [[1.532258064516127, 117.37096774193547, 120.08064516129032, 3.5645161290322562], [3.5645161290322562, 120.08064516129032, 122.11290322580645, 1.532258064516127]], 'ys': [[0.781433105468759, 0.781433105468759, 124.76385498046876, 124.28143310546876], [124.28143310546876, 124.76385498046876, 244.88690185546875, 244.88690185546875]]}",dark,FALSE,2,"(3600, 5400)",0,1,720.7830901,62.84517453
19,SEFL10N5b_17_18_19_20_2024-02-01 11-53-58.mkv,98,TRUE,0.5,50,1800,"{'xs': [[1.532258064516127, 117.37096774193547, 120.08064516129032, 3.5645161290322562], [3.5645161290322562, 120.08064516129032, 122.11290322580645, 1.532258064516127]], 'ys': [[0.781433105468759, 0.781433105468759, 124.76385498046876, 124.28143310546876], [124.28143310546876, 124.76385498046876, 244.88690185546875, 244.88690185546875]]}",dark,FALSE,3,"(5400, 7200)",0,1,947.4856654,82.61140254
19,SEFL10N5b_17_18_19_20_2024-02-01 11-53-58.mkv,98,TRUE,0.5,50,1800,"{'xs': [[1.532258064516127, 117.37096774193547, 120.08064516129032, 3.5645161290322562], [3.5645161290322562, 120.08064516129032, 122.11290322580645, 1.532258064516127]], 'ys': [[0.781433105468759, 0.781433105468759, 124.76385498046876, 124.28143310546876], [124.28143310546876, 124.76385498046876, 244.88690185546875, 244.88690185546875]]}",dark,FALSE,4,"(7200, 9000)",0.192777778,0.807222222,793.9079663,69.22094231
20,SEFL10N5b_01_02_03_04_2024-02-01 11-02-48.mkv,98,TRUE,0.5,50,1800,"{'xs': [[1.6052631578947378, 118.79824561403508, 117.39473684210526, 4.412280701754387], [4.412280701754387, 117.39473684210526, 116.69298245614034, 3.710526315789475]], 'ys': [[2.70012019230771, 1.7385817307692482, 126.73858173076924, 127.21935096153848], [127.21935096153848, 126.73858173076924, 247.41165865384616, 247.41165865384616]]}",dark,FALSE,4,"(7200, 9000)",0.592222222,0.411111111,1511.648344,132.6800199
20,SEFL10N5b_09_10_11_12_2024-02-01 11-28-18.mkv,98,TRUE,0.5,50,1800,"{'xs': [[1.6052631578947378, 118.79824561403508, 117.39473684210526, 4.412280701754387], [4.412280701754387, 117.39473684210526, 116.69298245614034, 3.710526315789475]], 'ys': [[2.70012019230771, 1.7385817307692482, 126.73858173076924, 127.21935096153848], [127.21935096153848, 126.73858173076924, 247.41165865384616, 247.41165865384616]]}",dark,FALSE,4,"(7200, 9000)",0.183888889,0.825,787.1689003,69.09119158
20,SEFL10N5b_17_18_19_20_2024-02-01 11-53-58.mkv,98,TRUE,0.5,50,1800,"{'xs': [[1.6052631578947378, 118.79824561403508, 117.39473684210526, 4.412280701754387], [4.412280701754387, 117.39473684210526, 116.69298245614034, 3.710526315789475]], 'ys': [[2.70012019230771, 1.7385817307692482, 126.73858173076924, 127.21935096153848], [127.21935096153848, 126.73858173076924, 247.41165865384616, 247.41165865384616]]}",dark,FALSE,4,"(7200, 9000)",0.156111111,0.843888889,818.3727395,71.83000714
20,SEFL10N5b_25_26_27_28_concatenated_2024-02-01 12-20-07.mkv,98,TRUE,0.5,50,1800,"{'xs': [[1.6052631578947378, 118.79824561403508, 117.39473684210526, 4.412280701754387], [4.412280701754387, 117.39473684210526, 116.69298245614034, 3.710526315789475]], 'ys': [[2.70012019230771, 1.7385817307692482, 126.73858173076924, 127.21935096153848], [127.21935096153848, 126.73858173076924, 247.41165865384616, 247.41165865384616]]}",dark,FALSE,4,"(7200, 9000)",0.733333333,0.266666667,1473.24093,129.308934
20,SEFL10N5b_33_34_35_36_2024-02-01 12-39-58.mkv,98,TRUE,0.5,50,1800,"{'xs': [[1.6052631578947378, 118.79824561403508, 117.39473684210526, 4.412280701754387], [4.412280701754387, 117.39473684210526, 116.69298245614034, 3.710526315789475]], 'ys': [[2.70012019230771, 1.7385817307692482, 126.73858173076924, 127.21935096153848], [127.21935096153848, 126.73858173076924, 247.41165865384616, 247.41165865384616]]}",dark,FALSE,4,"(7200, 9000)",0.127222222,0.877777778,1248.701383,109.6007051
21,SEFL10N5b_21_22_23_24_2024-02-01 12-07-42.mkv,98,TRUE,0.5,50,1800,"{'xs': [[2.2021276595744665, 123.12234042553192, 125.14893617021276, 1.5265957446808496], [1.5265957446808496, 125.14893617021276, 121.77127659574468, 1.5265957446808496]], 'ys': [[1.2606796116504748, 0.7791262135922224, 128.87233009708737, 125.98300970873785], [125.98300970873785, 128.87233009708737, 246.8529126213592, 246.37135922330094]]}",light,FALSE,0,"(0, 1800)",0.357023876,0.647418101,1352.618579,118.8860478
21,SEFL10N5b_21_22_23_24_2024-02-01 12-07-42.mkv,98,TRUE,0.5,50,1800,"{'xs': [[2.2021276595744665, 123.12234042553192, 125.14893617021276, 1.5265957446808496], [1.5265957446808496, 125.14893617021276, 121.77127659574468, 1.5265957446808496]], 'ys': [[1.2606796116504748, 0.7791262135922224, 128.87233009708737, 125.98300970873785], [125.98300970873785, 128.87233009708737, 246.8529126213592, 246.37135922330094]]}",light,FALSE,1,"(1800, 3600)",0.343142699,0.65907829,1180.784197,103.7829649
21,SEFL10N5b_21_22_23_24_2024-02-01 12-07-42.mkv,98,TRUE,0.5,50,1800,"{'xs': [[2.2021276595744665, 123.12234042553192, 125.14893617021276, 1.5265957446808496], [1.5265957446808496, 125.14893617021276, 121.77127659574468, 1.5265957446808496]], 'ys': [[1.2606796116504748, 0.7791262135922224, 128.87233009708737, 125.98300970873785], [125.98300970873785, 128.87233009708737, 246.8529126213592, 246.37135922330094]]}",light,FALSE,2,"(3600, 5400)",0.259855636,0.745696835,1100.993294,96.76988281
21,SEFL10N5b_21_22_23_24_2024-02-01 12-07-42.mkv,98,TRUE,0.5,50,1800,"{'xs': [[2.2021276595744665, 123.12234042553192, 125.14893617021276, 1.5265957446808496], [1.5265957446808496, 125.14893617021276, 121.77127659574468, 1.5265957446808496]], 'ys': [[1.2606796116504748, 0.7791262135922224, 128.87233009708737, 125.98300970873785], [125.98300970873785, 128.87233009708737, 246.8529126213592, 246.37135922330094]]}",light,FALSE,3,"(5400, 7200)",0.257634647,0.744031094,1209.816687,106.334725
21,SEFL10N5b_21_22_23_24_2024-02-01 12-07-42.mkv,98,TRUE,0.5,50,1800,"{'xs': [[2.2021276595744665, 123.12234042553192, 125.14893617021276, 1.5265957446808496], [1.5265957446808496, 125.14893617021276, 121.77127659574468, 1.5265957446808496]], 'ys': [[1.2606796116504748, 0.7791262135922224, 128.87233009708737, 125.98300970873785], [125.98300970873785, 128.87233009708737, 246.8529126213592, 246.37135922330094]]}",light,FALSE,4,"(7200, 9000)",0,1,762.1421421,66.9871526
22,SEFL10N5b_21_22_23_24_2024-02-01 12-07-42.mkv,98,TRUE,0.5,50,1800,"{'xs': [[2.850785340314136, 124.14921465968587, 126.82984293193718, 2.850785340314136], [2.850785340314136, 126.82984293193718, 126.15968586387434, 4.19109947643979]], 'ys': [[2.215429316888028, 2.215429316888028, 129.43554316888043, 127.99531546489563], [127.99531546489563, 129.43554316888043, 250.4146703036053, 249.934594402277]]}",dark,FALSE,0,"(0, 1800)",0.136035536,0.863964464,818.8879799,71.60850237
22,SEFL10N5b_21_22_23_24_2024-02-01 12-07-42.mkv,98,TRUE,0.5,50,1800,"{'xs': [[2.850785340314136, 124.14921465968587, 126.82984293193718, 2.850785340314136], [2.850785340314136, 126.82984293193718, 126.15968586387434, 4.19109947643979]], 'ys': [[2.215429316888028, 2.215429316888028, 129.43554316888043, 127.99531546489563], [127.99531546489563, 129.43554316888043, 250.4146703036053, 249.934594402277]]}",dark,FALSE,1,"(1800, 3600)",0.153803443,0.851749028,1008.343318,88.17561942
22,SEFL10N5b_21_22_23_24_2024-02-01 12-07-42.mkv,98,TRUE,0.5,50,1800,"{'xs': [[2.850785340314136, 124.14921465968587, 126.82984293193718, 2.850785340314136], [2.850785340314136, 126.82984293193718, 126.15968586387434, 4.19109947643979]], 'ys': [[2.215429316888028, 2.215429316888028, 129.43554316888043, 127.99531546489563], [127.99531546489563, 129.43554316888043, 250.4146703036053, 249.934594402277]]}",dark,FALSE,2,"(3600, 5400)",0.142698501,0.857856746,1133.246921,99.09794357
22,SEFL10N5b_21_22_23_24_2024-02-01 12-07-42.mkv,98,TRUE,0.5,50,1800,"{'xs': [[2.850785340314136, 124.14921465968587, 126.82984293193718, 2.850785340314136], [2.850785340314136, 126.82984293193718, 126.15968586387434, 4.19109947643979]], 'ys': [[2.215429316888028, 2.215429316888028, 129.43554316888043, 127.99531546489563], [127.99531546489563, 129.43554316888043, 250.4146703036053, 249.934594402277]]}",dark,FALSE,3,"(5400, 7200)",0,1,873.526071,76.38638649
22,SEFL10N5b_21_22_23_24_2024-02-01 12-07-42.mkv,98,TRUE,0.5,50,1800,"{'xs': [[2.850785340314136, 124.14921465968587, 126.82984293193718, 2.850785340314136], [2.850785340314136, 126.82984293193718, 126.15968586387434, 4.19109947643979]], 'ys': [[2.215429316888028, 2.215429316888028, 129.43554316888043, 127.99531546489563], [127.99531546489563, 129.43554316888043, 250.4146703036053, 249.934594402277]]}",dark,FALSE,4,"(7200, 9000)",0.043888889,0.956111111,885.5055583,77.43394509
23,SEFL10N5b_21_22_23_24_2024-02-01 12-07-42.mkv,98,TRUE,0.5,50,1800,"{'xs': [[1.532258064516127, 117.37096774193547, 120.08064516129032, 3.5645161290322562], [3.5645161290322562, 120.08064516129032, 122.11290322580645, 1.532258064516127]], 'ys': [[0.781433105468759, 0.781433105468759, 124.76385498046876, 124.28143310546876], [124.28143310546876, 124.76385498046876, 244.88690185546875, 244.88690185546875]]}",dark,FALSE,0,"(0, 1800)",0.275402554,0.726263187,824.2248064,71.86427168
23,SEFL10N5b_21_22_23_24_2024-02-01 12-07-42.mkv,98,TRUE,0.5,50,1800,"{'xs': [[1.532258064516127, 117.37096774193547, 120.08064516129032, 3.5645161290322562], [3.5645161290322562, 120.08064516129032, 122.11290322580645, 1.532258064516127]], 'ys': [[0.781433105468759, 0.781433105468759, 124.76385498046876, 124.28143310546876], [124.28143310546876, 124.76385498046876, 244.88690185546875, 244.88690185546875]]}",dark,FALSE,1,"(1800, 3600)",0.004997224,0.995002776,827.4304847,72.1437752
23,SEFL10N5b_21_22_23_24_2024-02-01 12-07-42.mkv,98,TRUE,0.5,50,1800,"{'xs': [[1.532258064516127, 117.37096774193547, 120.08064516129032, 3.5645161290322562], [3.5645161290322562, 120.08064516129032, 122.11290322580645, 1.532258064516127]], 'ys': [[0.781433105468759, 0.781433105468759, 124.76385498046876, 124.28143310546876], [124.28143310546876, 124.76385498046876, 244.88690185546875, 244.88690185546875]]}",dark,FALSE,2,"(3600, 5400)",0.046085508,0.957245974,824.0484943,71.848899
23,SEFL10N5b_21_22_23_24_2024-02-01 12-07-42.mkv,98,TRUE,0.5,50,1800,"{'xs': [[1.532258064516127, 117.37096774193547, 120.08064516129032, 3.5645161290322562], [3.5645161290322562, 120.08064516129032, 122.11290322580645, 1.532258064516127]], 'ys': [[0.781433105468759, 0.781433105468759, 124.76385498046876, 124.28143310546876], [124.28143310546876, 124.76385498046876, 244.88690185546875, 244.88690185546875]]}",dark,FALSE,3,"(5400, 7200)",0.354802887,0.645197113,974.925348,85.00387216
23,SEFL10N5b_21_22_23_24_2024-02-01 12-07-42.mkv,98,TRUE,0.5,50,1800,"{'xs': [[1.532258064516127, 117.37096774193547, 120.08064516129032, 3.5645161290322562], [3.5645161290322562, 120.08064516129032, 122.11290322580645, 1.532258064516127]], 'ys': [[0.781433105468759, 0.781433105468759, 124.76385498046876, 124.28143310546876], [124.28143310546876, 124.76385498046876, 244.88690185546875, 244.88690185546875]]}",dark,FALSE,4,"(7200, 9000)",0.045,0.96,969.9553526,84.57053759
24,SEFL10N5b_05_06_07_08_2024-02-01 11-16-11.mkv,98,TRUE,0.5,50,1800,"{'xs': [[1.6052631578947378, 118.79824561403508, 117.39473684210526, 4.412280701754387], [4.412280701754387, 117.39473684210526, 116.69298245614034, 3.710526315789475]], 'ys': [[2.70012019230771, 1.7385817307692482, 126.73858173076924, 127.21935096153848], [127.21935096153848, 126.73858173076924, 247.41165865384616, 247.41165865384616]]}",light,FALSE,0,"(0, 1800)",0.227651305,0.775680178,1436.445034,126.0792938
24,SEFL10N5b_13_14_15_16_2024-02-01 11-41-23.mkv,98,TRUE,0.5,50,1800,"{'xs': [[1.6052631578947378, 118.79824561403508, 117.39473684210526, 4.412280701754387], [4.412280701754387, 117.39473684210526, 116.69298245614034, 3.710526315789475]], 'ys': [[2.70012019230771, 1.7385817307692482, 126.73858173076924, 127.21935096153848], [127.21935096153848, 126.73858173076924, 247.41165865384616, 247.41165865384616]]}",dark,FALSE,0,"(0, 1800)",0.446418656,0.56191005,1658.407082,145.5612911
24,SEFL10N5b_21_22_23_24_2024-02-01 12-07-42.mkv,98,TRUE,0.5,50,1800,"{'xs': [[1.6052631578947378, 118.79824561403508, 117.39473684210526, 4.412280701754387], [4.412280701754387, 117.39473684210526, 116.69298245614034, 3.710526315789475]], 'ys': [[2.70012019230771, 1.7385817307692482, 126.73858173076924, 127.21935096153848], [127.21935096153848, 126.73858173076924, 247.41165865384616, 247.41165865384616]]}",dark,FALSE,0,"(0, 1800)",0.545252637,0.458634092,1784.725607,156.648489
24,SEFL10N5b_29_30_31_32_2024-02-01 12-30-19.mkv,98,TRUE,0.5,50,1800,"{'xs': [[1.6052631578947378, 118.79824561403508, 117.39473684210526, 4.412280701754387], [4.412280701754387, 117.39473684210526, 116.69298245614034, 3.710526315789475]], 'ys': [[2.70012019230771, 1.7385817307692482, 126.73858173076924, 127.21935096153848], [127.21935096153848, 126.73858173076924, 247.41165865384616, 247.41165865384616]]}",dark,FALSE,0,"(0, 1800)",0.298167685,0.709050527,1334.119716,117.0980216
24,SEFL10N5b_37_38_39_40_2024-02-01 12-55-29.mkv,98,TRUE,0.5,50,1800,"{'xs': [[1.6052631578947378, 118.79824561403508, 117.39473684210526, 4.412280701754387], [4.412280701754387, 117.39473684210526, 116.69298245614034, 3.710526315789475]], 'ys': [[2.70012019230771, 1.7385817307692482, 126.73858173076924, 127.21935096153848], [127.21935096153848, 126.73858173076924, 247.41165865384616, 247.41165865384616]]}",dark,FALSE,0,"(0, 1800)",0.39422543,0.611882288,1281.12762,112.4468127
25,SEFL10N5b_25_26_27_28_concatenated_2024-02-01 12-20-07.mkv,98,TRUE,0.5,50,1800,"{'xs': [[2.2021276595744665, 123.12234042553192, 125.14893617021276, 1.5265957446808496], [1.5265957446808496, 125.14893617021276, 121.77127659574468, 1.5265957446808496]], 'ys': [[1.2606796116504748, 0.7791262135922224, 128.87233009708737, 125.98300970873785], [125.98300970873785, 128.87233009708737, 246.8529126213592, 246.37135922330094]]}",dark,FALSE,0,"(0, 1800)",0.466962798,0.534702943,1062.304357,93.36938633
25,SEFL10N5b_25_26_27_28_concatenated_2024-02-01 12-20-07.mkv,98,TRUE,0.5,50,1800,"{'xs': [[2.2021276595744665, 123.12234042553192, 125.14893617021276, 1.5265957446808496], [1.5265957446808496, 125.14893617021276, 121.77127659574468, 1.5265957446808496]], 'ys': [[1.2606796116504748, 0.7791262135922224, 128.87233009708737, 125.98300970873785], [125.98300970873785, 128.87233009708737, 246.8529126213592, 246.37135922330094]]}",dark,FALSE,1,"(1800, 3600)",0.250416435,0.750138812,1128.983575,99.23003968
25,SEFL10N5b_25_26_27_28_concatenated_2024-02-01 12-20-07.mkv,98,TRUE,0.5,50,1800,"{'xs': [[2.2021276595744665, 123.12234042553192, 125.14893617021276, 1.5265957446808496], [1.5265957446808496, 125.14893617021276, 121.77127659574468, 1.5265957446808496]], 'ys': [[1.2606796116504748, 0.7791262135922224, 128.87233009708737, 125.98300970873785], [125.98300970873785, 128.87233009708737, 246.8529126213592, 246.37135922330094]]}",dark,FALSE,2,"(3600, 5400)",0.074403109,0.937812326,1065.578354,93.65714852
25,SEFL10N5b_25_26_27_28_concatenated_2024-02-01 12-20-07.mkv,98,TRUE,0.5,50,1800,"{'xs': [[2.2021276595744665, 123.12234042553192, 125.14893617021276, 1.5265957446808496], [1.5265957446808496, 125.14893617021276, 121.77127659574468, 1.5265957446808496]], 'ys': [[1.2606796116504748, 0.7791262135922224, 128.87233009708737, 125.98300970873785], [125.98300970873785, 128.87233009708737, 246.8529126213592, 246.37135922330094]]}",dark,FALSE,3,"(5400, 7200)",0.186007773,0.813992227,1059.48239,93.12135446
25,SEFL10N5b_25_26_27_28_concatenated_2024-02-01 12-20-07.mkv,98,TRUE,0.5,50,1800,"{'xs': [[2.2021276595744665, 123.12234042553192, 125.14893617021276, 1.5265957446808496], [1.5265957446808496, 125.14893617021276, 121.77127659574468, 1.5265957446808496]], 'ys': [[1.2606796116504748, 0.7791262135922224, 128.87233009708737, 125.98300970873785], [125.98300970873785, 128.87233009708737, 246.8529126213592, 246.37135922330094]]}",dark,FALSE,4,"(7200, 9000)",0.153888889,0.847777778,1067.106028,93.79142076
26,SEFL10N5b_25_26_27_28_concatenated_2024-02-01 12-20-07.mkv,98,TRUE,0.5,50,1800,"{'xs': [[2.850785340314136, 124.14921465968587, 126.82984293193718, 2.850785340314136], [2.850785340314136, 126.82984293193718, 126.15968586387434, 4.19109947643979]], 'ys': [[2.215429316888028, 2.215429316888028, 129.43554316888043, 127.99531546489563], [127.99531546489563, 129.43554316888043, 250.4146703036053, 249.934594402277]]}",dark,FALSE,0,"(0, 1800)",0.272071072,0.731260411,1472.765857,128.7875265
26,SEFL10N5b_25_26_27_28_concatenated_2024-02-01 12-20-07.mkv,98,TRUE,0.5,50,1800,"{'xs': [[2.850785340314136, 124.14921465968587, 126.82984293193718, 2.850785340314136], [2.850785340314136, 126.82984293193718, 126.15968586387434, 4.19109947643979]], 'ys': [[2.215429316888028, 2.215429316888028, 129.43554316888043, 127.99531546489563], [127.99531546489563, 129.43554316888043, 250.4146703036053, 249.934594402277]]}",dark,FALSE,1,"(1800, 3600)",0.07995558,0.925041644,1235.622352,108.0502686
26,SEFL10N5b_25_26_27_28_concatenated_2024-02-01 12-20-07.mkv,98,TRUE,0.5,50,1800,"{'xs': [[2.850785340314136, 124.14921465968587, 126.82984293193718, 2.850785340314136], [2.850785340314136, 126.82984293193718, 126.15968586387434, 4.19109947643979]], 'ys': [[2.215429316888028, 2.215429316888028, 129.43554316888043, 127.99531546489563], [127.99531546489563, 129.43554316888043, 250.4146703036053, 249.934594402277]]}",dark,FALSE,2,"(3600, 5400)",0.27817879,0.72570794,1407.782961,123.1050302
26,SEFL10N5b_25_26_27_28_concatenated_2024-02-01 12-20-07.mkv,98,TRUE,0.5,50,1800,"{'xs': [[2.850785340314136, 124.14921465968587, 126.82984293193718, 2.850785340314136], [2.850785340314136, 126.82984293193718, 126.15968586387434, 4.19109947643979]], 'ys': [[2.215429316888028, 2.215429316888028, 129.43554316888043, 127.99531546489563], [127.99531546489563, 129.43554316888043, 250.4146703036053, 249.934594402277]]}",dark,FALSE,3,"(5400, 7200)",0.101054969,0.900055525,840.0157949,73.4560459
26,SEFL10N5b_25_26_27_28_concatenated_2024-02-01 12-20-07.mkv,98,TRUE,0.5,50,1800,"{'xs': [[2.850785340314136, 124.14921465968587, 126.82984293193718, 2.850785340314136], [2.850785340314136, 126.82984293193718, 126.15968586387434, 4.19109947643979]], 'ys': [[2.215429316888028, 2.215429316888028, 129.43554316888043, 127.99531546489563], [127.99531546489563, 129.43554316888043, 250.4146703036053, 249.934594402277]]}",dark,FALSE,4,"(7200, 9000)",0.343333333,0.667222222,1480.533824,129.4668043
27,SEFL10N5b_25_26_27_28_concatenated_2024-02-01 12-20-07.mkv,98,TRUE,0.5,50,1800,"{'xs': [[1.532258064516127, 117.37096774193547, 120.08064516129032, 3.5645161290322562], [3.5645161290322562, 120.08064516129032, 122.11290322580645, 1.532258064516127]], 'ys': [[0.781433105468759, 0.781433105468759, 124.76385498046876, 124.28143310546876], [124.28143310546876, 124.76385498046876, 244.88690185546875, 244.88690185546875]]}",dark,FALSE,0,"(0, 1800)",0.13714603,0.866185453,1373.759027,119.7782343
27,SEFL10N5b_25_26_27_28_concatenated_2024-02-01 12-20-07.mkv,98,TRUE,0.5,50,1800,"{'xs': [[1.532258064516127, 117.37096774193547, 120.08064516129032, 3.5645161290322562], [3.5645161290322562, 120.08064516129032, 122.11290322580645, 1.532258064516127]], 'ys': [[0.781433105468759, 0.781433105468759, 124.76385498046876, 124.28143310546876], [124.28143310546876, 124.76385498046876, 244.88690185546875, 244.88690185546875]]}",dark,FALSE,1,"(1800, 3600)",0.001665741,1,681.8631604,59.45174062
27,SEFL10N5b_25_26_27_28_concatenated_2024-02-01 12-20-07.mkv,98,TRUE,0.5,50,1800,"{'xs': [[1.532258064516127, 117.37096774193547, 120.08064516129032, 3.5645161290322562], [3.5645161290322562, 120.08064516129032, 122.11290322580645, 1.532258064516127]], 'ys': [[0.781433105468759, 0.781433105468759, 124.76385498046876, 124.28143310546876], [124.28143310546876, 124.76385498046876, 244.88690185546875, 244.88690185546875]]}",dark,FALSE,2,"(3600, 5400)",0.021654636,0.983897835,823.9638357,71.84151761
27,SEFL10N5b_25_26_27_28_concatenated_2024-02-01 12-20-07.mkv,98,TRUE,0.5,50,1800,"{'xs': [[1.532258064516127, 117.37096774193547, 120.08064516129032, 3.5645161290322562], [3.5645161290322562, 120.08064516129032, 122.11290322580645, 1.532258064516127]], 'ys': [[0.781433105468759, 0.781433105468759, 124.76385498046876, 124.28143310546876], [124.28143310546876, 124.76385498046876, 244.88690185546875, 244.88690185546875]]}",dark,FALSE,3,"(5400, 7200)",0,1,954.2851606,83.20425144
27,SEFL10N5b_25_26_27_28_concatenated_2024-02-01 12-20-07.mkv,98,TRUE,0.5,50,1800,"{'xs': [[1.532258064516127, 117.37096774193547, 120.08064516129032, 3.5645161290322562], [3.5645161290322562, 120.08064516129032, 122.11290322580645, 1.532258064516127]], 'ys': [[0.781433105468759, 0.781433105468759, 124.76385498046876, 124.28143310546876], [124.28143310546876, 124.76385498046876, 244.88690185546875, 244.88690185546875]]}",dark,FALSE,4,"(7200, 9000)",0.288333333,0.712777778,1377.10653,120.0701034
28,SEFL10N5b_05_06_07_08_2024-02-01 11-16-11.mkv,98,TRUE,0.5,50,1800,"{'xs': [[1.6052631578947378, 118.79824561403508, 117.39473684210526, 4.412280701754387], [4.412280701754387, 117.39473684210526, 116.69298245614034, 3.710526315789475]], 'ys': [[2.70012019230771, 1.7385817307692482, 126.73858173076924, 127.21935096153848], [127.21935096153848, 126.73858173076924, 247.41165865384616, 247.41165865384616]]}",light,FALSE,1,"(1800, 3600)",0.021654636,0.981121599,1400.123135,122.8912572
28,SEFL10N5b_13_14_15_16_2024-02-01 11-41-23.mkv,98,TRUE,0.5,50,1800,"{'xs': [[1.6052631578947378, 118.79824561403508, 117.39473684210526, 4.412280701754387], [4.412280701754387, 117.39473684210526, 116.69298245614034, 3.710526315789475]], 'ys': [[2.70012019230771, 1.7385817307692482, 126.73858173076924, 127.21935096153848], [127.21935096153848, 126.73858173076924, 247.41165865384616, 247.41165865384616]]}",dark,FALSE,1,"(1800, 3600)",0.085508051,0.915602443,1190.282346,104.473164
28,SEFL10N5b_21_22_23_24_2024-02-01 12-07-42.mkv,98,TRUE,0.5,50,1800,"{'xs': [[1.6052631578947378, 118.79824561403508, 117.39473684210526, 4.412280701754387], [4.412280701754387, 117.39473684210526, 116.69298245614034, 3.710526315789475]], 'ys': [[2.70012019230771, 1.7385817307692482, 126.73858173076924, 127.21935096153848], [127.21935096153848, 126.73858173076924, 247.41165865384616, 247.41165865384616]]}",dark,FALSE,1,"(1800, 3600)",0.244863964,0.760133259,1456.254381,127.8179948
28,SEFL10N5b_29_30_31_32_2024-02-01 12-30-19.mkv,98,TRUE,0.5,50,1800,"{'xs': [[1.6052631578947378, 118.79824561403508, 117.39473684210526, 4.412280701754387], [4.412280701754387, 117.39473684210526, 116.69298245614034, 3.710526315789475]], 'ys': [[2.70012019230771, 1.7385817307692482, 126.73858173076924, 127.21935096153848], [127.21935096153848, 126.73858173076924, 247.41165865384616, 247.41165865384616]]}",dark,FALSE,1,"(1800, 3600)",0.323153803,0.680177679,1102.361664,96.75621192
28,SEFL10N5b_37_38_39_40_2024-02-01 12-55-29.mkv,98,TRUE,0.5,50,1800,"{'xs': [[1.6052631578947378, 118.79824561403508, 117.39473684210526, 4.412280701754387], [4.412280701754387, 117.39473684210526, 116.69298245614034, 3.710526315789475]], 'ys': [[2.70012019230771, 1.7385817307692482, 126.73858173076924, 127.21935096153848], [127.21935096153848, 126.73858173076924, 247.41165865384616, 247.41165865384616]]}",dark,FALSE,1,"(1800, 3600)",0.111049417,0.890061077,983.4069631,86.31534969
29,SEFL10N5b_29_30_31_32_2024-02-01 12-30-19.mkv,98,TRUE,0.5,50,1800,"{'xs': [[2.2021276595744665, 123.12234042553192, 125.14893617021276, 1.5265957446808496], [1.5265957446808496, 125.14893617021276, 121.77127659574468, 1.5265957446808496]], 'ys': [[1.2606796116504748, 0.7791262135922224, 128.87233009708737, 125.98300970873785], [125.98300970873785, 128.87233009708737, 246.8529126213592, 246.37135922330094]]}",dark,FALSE,0,"(0, 1800)",0.02276513,0.981676846,1236.811927,108.7074244
29,SEFL10N5b_29_30_31_32_2024-02-01 12-30-19.mkv,98,TRUE,0.5,50,1800,"{'xs': [[2.2021276595744665, 123.12234042553192, 125.14893617021276, 1.5265957446808496], [1.5265957446808496, 125.14893617021276, 121.77127659574468, 1.5265957446808496]], 'ys': [[1.2606796116504748, 0.7791262135922224, 128.87233009708737, 125.98300970873785], [125.98300970873785, 128.87233009708737, 246.8529126213592, 246.37135922330094]]}",dark,FALSE,1,"(1800, 3600)",0,1,828.6136218,72.82954724
29,SEFL10N5b_29_30_31_32_2024-02-01 12-30-19.mkv,98,TRUE,0.5,50,1800,"{'xs': [[2.2021276595744665, 123.12234042553192, 125.14893617021276, 1.5265957446808496], [1.5265957446808496, 125.14893617021276, 121.77127659574468, 1.5265957446808496]], 'ys': [[1.2606796116504748, 0.7791262135922224, 128.87233009708737, 125.98300970873785], [125.98300970873785, 128.87233009708737, 246.8529126213592, 246.37135922330094]]}",dark,FALSE,2,"(3600, 5400)",0.171571349,0.828983898,902.2840305,79.30467915
29,SEFL10N5b_29_30_31_32_2024-02-01 12-30-19.mkv,98,TRUE,0.5,50,1800,"{'xs': [[2.2021276595744665, 123.12234042553192, 125.14893617021276, 1.5265957446808496], [1.5265957446808496, 125.14893617021276, 121.77127659574468, 1.5265957446808496]], 'ys': [[1.2606796116504748, 0.7791262135922224, 128.87233009708737, 125.98300970873785], [125.98300970873785, 128.87233009708737, 246.8529126213592, 246.37135922330094]]}",dark,FALSE,3,"(5400, 7200)",0,1,612.3328123,53.81992319
29,SEFL10N5b_29_30_31_32_2024-02-01 12-30-19.mkv,98,TRUE,0.5,50,1800,"{'xs': [[2.2021276595744665, 123.12234042553192, 125.14893617021276, 1.5265957446808496], [1.5265957446808496, 125.14893617021276, 121.77127659574468, 1.5265957446808496]], 'ys': [[1.2606796116504748, 0.7791262135922224, 128.87233009708737, 125.98300970873785], [125.98300970873785, 128.87233009708737, 246.8529126213592, 246.37135922330094]]}",dark,FALSE,4,"(7200, 9000)",0,1,656.1960188,57.67520312
30,SEFL10N5b_29_30_31_32_2024-02-01 12-30-19.mkv,98,TRUE,0.5,50,1800,"{'xs': [[2.850785340314136, 124.14921465968587, 126.82984293193718, 2.850785340314136], [2.850785340314136, 126.82984293193718, 126.15968586387434, 4.19109947643979]], 'ys': [[2.215429316888028, 2.215429316888028, 129.43554316888043, 127.99531546489563], [127.99531546489563, 129.43554316888043, 250.4146703036053, 249.934594402277]]}",dark,FALSE,0,"(0, 1800)",0.022209883,0.978345364,576.0889244,50.37668902
30,SEFL10N5b_29_30_31_32_2024-02-01 12-30-19.mkv,98,TRUE,0.5,50,1800,"{'xs': [[2.850785340314136, 124.14921465968587, 126.82984293193718, 2.850785340314136], [2.850785340314136, 126.82984293193718, 126.15968586387434, 4.19109947643979]], 'ys': [[2.215429316888028, 2.215429316888028, 129.43554316888043, 127.99531546489563], [127.99531546489563, 129.43554316888043, 250.4146703036053, 249.934594402277]]}",dark,FALSE,1,"(1800, 3600)",0.317046086,0.683509162,1661.164309,145.262223
30,SEFL10N5b_29_30_31_32_2024-02-01 12-30-19.mkv,98,TRUE,0.5,50,1800,"{'xs': [[2.850785340314136, 124.14921465968587, 126.82984293193718, 2.850785340314136], [2.850785340314136, 126.82984293193718, 126.15968586387434, 4.19109947643979]], 'ys': [[2.215429316888028, 2.215429316888028, 129.43554316888043, 127.99531546489563], [127.99531546489563, 129.43554316888043, 250.4146703036053, 249.934594402277]]}",dark,FALSE,2,"(3600, 5400)",0.028872848,0.971127152,934.428769,81.71208561
30,SEFL10N5b_29_30_31_32_2024-02-01 12-30-19.mkv,98,TRUE,0.5,50,1800,"{'xs': [[2.850785340314136, 124.14921465968587, 126.82984293193718, 2.850785340314136], [2.850785340314136, 126.82984293193718, 126.15968586387434, 4.19109947643979]], 'ys': [[2.215429316888028, 2.215429316888028, 129.43554316888043, 127.99531546489563], [127.99531546489563, 129.43554316888043, 250.4146703036053, 249.934594402277]]}",dark,FALSE,3,"(5400, 7200)",0,1,687.290804,60.10085185
30,SEFL10N5b_29_30_31_32_2024-02-01 12-30-19.mkv,98,TRUE,0.5,50,1800,"{'xs': [[2.850785340314136, 124.14921465968587, 126.82984293193718, 2.850785340314136], [2.850785340314136, 126.82984293193718, 126.15968586387434, 4.19109947643979]], 'ys': [[2.215429316888028, 2.215429316888028, 129.43554316888043, 127.99531546489563], [127.99531546489563, 129.43554316888043, 250.4146703036053, 249.934594402277]]}",dark,FALSE,4,"(7200, 9000)",0.221666667,0.781111111,971.2631936,84.93310979
31,SEFL10N5b_29_30_31_32_2024-02-01 12-30-19.mkv,98,TRUE,0.5,50,1800,"{'xs': [[1.532258064516127, 117.37096774193547, 120.08064516129032, 3.5645161290322562], [3.5645161290322562, 120.08064516129032, 122.11290322580645, 1.532258064516127]], 'ys': [[0.781433105468759, 0.781433105468759, 124.76385498046876, 124.28143310546876], [124.28143310546876, 124.76385498046876, 244.88690185546875, 244.88690185546875]]}",dark,FALSE,0,"(0, 1800)",0.446973903,0.553581344,1928.143056,168.1150522
31,SEFL10N5b_29_30_31_32_2024-02-01 12-30-19.mkv,98,TRUE,0.5,50,1800,"{'xs': [[1.532258064516127, 117.37096774193547, 120.08064516129032, 3.5645161290322562], [3.5645161290322562, 120.08064516129032, 122.11290322580645, 1.532258064516127]], 'ys': [[0.781433105468759, 0.781433105468759, 124.76385498046876, 124.28143310546876], [124.28143310546876, 124.76385498046876, 244.88690185546875, 244.88690185546875]]}",dark,FALSE,1,"(1800, 3600)",0.27817879,0.737368129,1540.285635,134.2977115
31,SEFL10N5b_29_30_31_32_2024-02-01 12-30-19.mkv,98,TRUE,0.5,50,1800,"{'xs': [[1.532258064516127, 117.37096774193547, 120.08064516129032, 3.5645161290322562], [3.5645161290322562, 120.08064516129032, 122.11290322580645, 1.532258064516127]], 'ys': [[0.781433105468759, 0.781433105468759, 124.76385498046876, 124.28143310546876], [124.28143310546876, 124.76385498046876, 244.88690185546875, 244.88690185546875]]}",dark,FALSE,2,"(3600, 5400)",0.299278179,0.70294281,1256.628621,109.5656184
31,SEFL10N5b_29_30_31_32_2024-02-01 12-30-19.mkv,98,TRUE,0.5,50,1800,"{'xs': [[1.532258064516127, 117.37096774193547, 120.08064516129032, 3.5645161290322562], [3.5645161290322562, 120.08064516129032, 122.11290322580645, 1.532258064516127]], 'ys': [[0.781433105468759, 0.781433105468759, 124.76385498046876, 124.28143310546876], [124.28143310546876, 124.76385498046876, 244.88690185546875, 244.88690185546875]]}",dark,FALSE,3,"(5400, 7200)",0.161576902,0.840644087,989.2236234,86.25054072
31,SEFL10N5b_29_30_31_32_2024-02-01 12-30-19.mkv,98,TRUE,0.5,50,1800,"{'xs': [[1.532258064516127, 117.37096774193547, 120.08064516129032, 3.5645161290322562], [3.5645161290322562, 120.08064516129032, 122.11290322580645, 1.532258064516127]], 'ys': [[0.781433105468759, 0.781433105468759, 124.76385498046876, 124.28143310546876], [124.28143310546876, 124.76385498046876, 244.88690185546875, 244.88690185546875]]}",dark,FALSE,4,"(7200, 9000)",0,1,550.0472347,47.95869234
32,SEFL10N5b_05_06_07_08_2024-02-01 11-16-11.mkv,98,TRUE,0.5,50,1800,"{'xs': [[1.6052631578947378, 118.79824561403508, 117.39473684210526, 4.412280701754387], [4.412280701754387, 117.39473684210526, 116.69298245614034, 3.710526315789475]], 'ys': [[2.70012019230771, 1.7385817307692482, 126.73858173076924, 127.21935096153848], [127.21935096153848, 126.73858173076924, 247.41165865384616, 247.41165865384616]]}",light,FALSE,2,"(3600, 5400)",0.129372571,0.87229317,1200.665847,105.384542
32,SEFL10N5b_13_14_15_16_2024-02-01 11-41-23.mkv,98,TRUE,0.5,50,1800,"{'xs': [[1.6052631578947378, 118.79824561403508, 117.39473684210526, 4.412280701754387], [4.412280701754387, 117.39473684210526, 116.69298245614034, 3.710526315789475]], 'ys': [[2.70012019230771, 1.7385817307692482, 126.73858173076924, 127.21935096153848], [127.21935096153848, 126.73858173076924, 247.41165865384616, 247.41165865384616]]}",dark,FALSE,2,"(3600, 5400)",0.179900056,0.821765686,1390.642635,122.0591371
32,SEFL10N5b_21_22_23_24_2024-02-01 12-07-42.mkv,98,TRUE,0.5,50,1800,"{'xs': [[1.6052631578947378, 118.79824561403508, 117.39473684210526, 4.412280701754387], [4.412280701754387, 117.39473684210526, 116.69298245614034, 3.710526315789475]], 'ys': [[2.70012019230771, 1.7385817307692482, 126.73858173076924, 127.21935096153848], [127.21935096153848, 126.73858173076924, 247.41165865384616, 247.41165865384616]]}",dark,FALSE,2,"(3600, 5400)",0.352581899,0.650194336,1383.407044,121.4240566
32,SEFL10N5b_29_30_31_32_2024-02-01 12-30-19.mkv,98,TRUE,0.5,50,1800,"{'xs': [[1.6052631578947378, 118.79824561403508, 117.39473684210526, 4.412280701754387], [4.412280701754387, 117.39473684210526, 116.69298245614034, 3.710526315789475]], 'ys': [[2.70012019230771, 1.7385817307692482, 126.73858173076924, 127.21935096153848], [127.21935096153848, 126.73858173076924, 247.41165865384616, 247.41165865384616]]}",dark,FALSE,2,"(3600, 5400)",0.183786785,0.817878956,923.8372895,81.08681521
32,SEFL10N5b_37_38_39_40_2024-02-01 12-55-29.mkv,98,TRUE,0.5,50,1800,"{'xs': [[1.6052631578947378, 118.79824561403508, 117.39473684210526, 4.412280701754387], [4.412280701754387, 117.39473684210526, 116.69298245614034, 3.710526315789475]], 'ys': [[2.70012019230771, 1.7385817307692482, 126.73858173076924, 127.21935096153848], [127.21935096153848, 126.73858173076924, 247.41165865384616, 247.41165865384616]]}",dark,FALSE,2,"(3600, 5400)",0,1,762.8691013,66.95835571
33,SEFL10N5b_33_34_35_36_2024-02-01 12-39-58.mkv,98,TRUE,0.5,50,1800,"{'xs': [[2.2021276595744665, 123.12234042553192, 125.14893617021276, 1.5265957446808496], [1.5265957446808496, 125.14893617021276, 121.77127659574468, 1.5265957446808496]], 'ys': [[1.2606796116504748, 0.7791262135922224, 128.87233009708737, 125.98300970873785], [125.98300970873785, 128.87233009708737, 246.8529126213592, 246.37135922330094]]}",dark,FALSE,0,"(0, 1800)",0,1,392.5485683,34.50237088
33,SEFL10N5b_33_34_35_36_2024-02-01 12-39-58.mkv,98,TRUE,0.5,50,1800,"{'xs': [[2.2021276595744665, 123.12234042553192, 125.14893617021276, 1.5265957446808496], [1.5265957446808496, 125.14893617021276, 121.77127659574468, 1.5265957446808496]], 'ys': [[1.2606796116504748, 0.7791262135922224, 128.87233009708737, 125.98300970873785], [125.98300970873785, 128.87233009708737, 246.8529126213592, 246.37135922330094]]}",dark,FALSE,1,"(1800, 3600)",0,1,515.8605183,45.34065938
33,SEFL10N5b_33_34_35_36_2024-02-01 12-39-58.mkv,98,TRUE,0.5,50,1800,"{'xs': [[2.2021276595744665, 123.12234042553192, 125.14893617021276, 1.5265957446808496], [1.5265957446808496, 125.14893617021276, 121.77127659574468, 1.5265957446808496]], 'ys': [[1.2606796116504748, 0.7791262135922224, 128.87233009708737, 125.98300970873785], [125.98300970873785, 128.87233009708737, 246.8529126213592, 246.37135922330094]]}",dark,FALSE,2,"(3600, 5400)",0,1,588.1715101,51.69630773
33,SEFL10N5b_33_34_35_36_2024-02-01 12-39-58.mkv,98,TRUE,0.5,50,1800,"{'xs': [[2.2021276595744665, 123.12234042553192, 125.14893617021276, 1.5265957446808496], [1.5265957446808496, 125.14893617021276, 121.77127659574468, 1.5265957446808496]], 'ys': [[1.2606796116504748, 0.7791262135922224, 128.87233009708737, 125.98300970873785], [125.98300970873785, 128.87233009708737, 246.8529126213592, 246.37135922330094]]}",dark,FALSE,3,"(5400, 7200)",0,1,704.3786693,61.91013304
33,SEFL10N5b_33_34_35_36_2024-02-01 12-39-58.mkv,98,TRUE,0.5,50,1800,"{'xs': [[2.2021276595744665, 123.12234042553192, 125.14893617021276, 1.5265957446808496], [1.5265957446808496, 125.14893617021276, 121.77127659574468, 1.5265957446808496]], 'ys': [[1.2606796116504748, 0.7791262135922224, 128.87233009708737, 125.98300970873785], [125.98300970873785, 128.87233009708737, 246.8529126213592, 246.37135922330094]]}",dark,FALSE,4,"(7200, 9000)",0.041666667,0.962222222,706.8697819,62.12908503
34,SEFL10N5b_33_34_35_36_2024-02-01 12-39-58.mkv,98,TRUE,0.5,50,1800,"{'xs': [[2.850785340314136, 124.14921465968587, 126.82984293193718, 2.850785340314136], [2.850785340314136, 126.82984293193718, 126.15968586387434, 4.19109947643979]], 'ys': [[2.215429316888028, 2.215429316888028, 129.43554316888043, 127.99531546489563], [127.99531546489563, 129.43554316888043, 250.4146703036053, 249.934594402277]]}",dark,FALSE,0,"(0, 1800)",0.322598556,0.68184342,2121.659027,185.5306577
34,SEFL10N5b_33_34_35_36_2024-02-01 12-39-58.mkv,98,TRUE,0.5,50,1800,"{'xs': [[2.850785340314136, 124.14921465968587, 126.82984293193718, 2.850785340314136], [2.850785340314136, 126.82984293193718, 126.15968586387434, 4.19109947643979]], 'ys': [[2.215429316888028, 2.215429316888028, 129.43554316888043, 127.99531546489563], [127.99531546489563, 129.43554316888043, 250.4146703036053, 249.934594402277]]}",dark,FALSE,1,"(1800, 3600)",0.328151027,0.67240422,1993.449022,174.3192018
34,SEFL10N5b_33_34_35_36_2024-02-01 12-39-58.mkv,98,TRUE,0.5,50,1800,"{'xs': [[2.850785340314136, 124.14921465968587, 126.82984293193718, 2.850785340314136], [2.850785340314136, 126.82984293193718, 126.15968586387434, 4.19109947643979]], 'ys': [[2.215429316888028, 2.215429316888028, 129.43554316888043, 127.99531546489563], [127.99531546489563, 129.43554316888043, 250.4146703036053, 249.934594402277]]}",dark,FALSE,2,"(3600, 5400)",0.308717379,0.694058856,1838.094687,160.734082
34,SEFL10N5b_33_34_35_36_2024-02-01 12-39-58.mkv,98,TRUE,0.5,50,1800,"{'xs': [[2.850785340314136, 124.14921465968587, 126.82984293193718, 2.850785340314136], [2.850785340314136, 126.82984293193718, 126.15968586387434, 4.19109947643979]], 'ys': [[2.215429316888028, 2.215429316888028, 129.43554316888043, 127.99531546489563], [127.99531546489563, 129.43554316888043, 250.4146703036053, 249.934594402277]]}",dark,FALSE,3,"(5400, 7200)",0.230982787,0.771238201,1830.190905,160.0429277
34,SEFL10N5b_33_34_35_36_2024-02-01 12-39-58.mkv,98,TRUE,0.5,50,1800,"{'xs': [[2.850785340314136, 124.14921465968587, 126.82984293193718, 2.850785340314136], [2.850785340314136, 126.82984293193718, 126.15968586387434, 4.19109947643979]], 'ys': [[2.215429316888028, 2.215429316888028, 129.43554316888043, 127.99531546489563], [127.99531546489563, 129.43554316888043, 250.4146703036053, 249.934594402277]]}",dark,FALSE,4,"(7200, 9000)",0.401666667,0.605,1852.982699,162.0359796
35,SEFL10N5b_33_34_35_36_2024-02-01 12-39-58.mkv,98,TRUE,0.5,50,1800,"{'xs': [[1.532258064516127, 117.37096774193547, 120.08064516129032, 3.5645161290322562], [3.5645161290322562, 120.08064516129032, 122.11290322580645, 1.532258064516127]], 'ys': [[0.781433105468759, 0.781433105468759, 124.76385498046876, 124.28143310546876], [124.28143310546876, 124.76385498046876, 244.88690185546875, 244.88690185546875]]}",dark,FALSE,0,"(0, 1800)",0.287062743,0.717934481,1411.477113,123.0668793
35,SEFL10N5b_33_34_35_36_2024-02-01 12-39-58.mkv,98,TRUE,0.5,50,1800,"{'xs': [[1.532258064516127, 117.37096774193547, 120.08064516129032, 3.5645161290322562], [3.5645161290322562, 120.08064516129032, 122.11290322580645, 1.532258064516127]], 'ys': [[0.781433105468759, 0.781433105468759, 124.76385498046876, 124.28143310546876], [124.28143310546876, 124.76385498046876, 244.88690185546875, 244.88690185546875]]}",dark,FALSE,1,"(1800, 3600)",0.001110494,1,904.3655974,78.85175802
35,SEFL10N5b_33_34_35_36_2024-02-01 12-39-58.mkv,98,TRUE,0.5,50,1800,"{'xs': [[1.532258064516127, 117.37096774193547, 120.08064516129032, 3.5645161290322562], [3.5645161290322562, 120.08064516129032, 122.11290322580645, 1.532258064516127]], 'ys': [[0.781433105468759, 0.781433105468759, 124.76385498046876, 124.28143310546876], [124.28143310546876, 124.76385498046876, 244.88690185546875, 244.88690185546875]]}",dark,FALSE,2,"(3600, 5400)",0.186007773,0.815657968,1039.861188,90.66563679
35,SEFL10N5b_33_34_35_36_2024-02-01 12-39-58.mkv,98,TRUE,0.5,50,1800,"{'xs': [[1.532258064516127, 117.37096774193547, 120.08064516129032, 3.5645161290322562], [3.5645161290322562, 120.08064516129032, 122.11290322580645, 1.532258064516127]], 'ys': [[0.781433105468759, 0.781433105468759, 124.76385498046876, 124.28143310546876], [124.28143310546876, 124.76385498046876, 244.88690185546875, 244.88690185546875]]}",dark,FALSE,3,"(5400, 7200)",0.096612993,0.90671849,1028.851205,89.70567485
35,SEFL10N5b_33_34_35_36_2024-02-01 12-39-58.mkv,98,TRUE,0.5,50,1800,"{'xs': [[1.532258064516127, 117.37096774193547, 120.08064516129032, 3.5645161290322562], [3.5645161290322562, 120.08064516129032, 122.11290322580645, 1.532258064516127]], 'ys': [[0.781433105468759, 0.781433105468759, 124.76385498046876, 124.28143310546876], [124.28143310546876, 124.76385498046876, 244.88690185546875, 244.88690185546875]]}",dark,FALSE,4,"(7200, 9000)",0.237777778,0.762222222,1096.31893,95.58819491
36,SEFL10N5b_05_06_07_08_2024-02-01 11-16-11.mkv,98,TRUE,0.5,50,1800,"{'xs': [[1.6052631578947378, 118.79824561403508, 117.39473684210526, 4.412280701754387], [4.412280701754387, 117.39473684210526, 116.69298245614034, 3.710526315789475]], 'ys': [[2.70012019230771, 1.7385817307692482, 126.73858173076924, 127.21935096153848], [127.21935096153848, 126.73858173076924, 247.41165865384616, 247.41165865384616]]}",light,FALSE,3,"(5400, 7200)",0.009994448,0.992226541,675.7760745,59.31404837
36,SEFL10N5b_13_14_15_16_2024-02-01 11-41-23.mkv,98,TRUE,0.5,50,1800,"{'xs': [[1.6052631578947378, 118.79824561403508, 117.39473684210526, 4.412280701754387], [4.412280701754387, 117.39473684210526, 116.69298245614034, 3.710526315789475]], 'ys': [[2.70012019230771, 1.7385817307692482, 126.73858173076924, 127.21935096153848], [127.21935096153848, 126.73858173076924, 247.41165865384616, 247.41165865384616]]}",dark,FALSE,3,"(5400, 7200)",0.276513048,0.726263187,1587.184348,139.3099471
36,SEFL10N5b_21_22_23_24_2024-02-01 12-07-42.mkv,98,TRUE,0.5,50,1800,"{'xs': [[1.6052631578947378, 118.79824561403508, 117.39473684210526, 4.412280701754387], [4.412280701754387, 117.39473684210526, 116.69298245614034, 3.710526315789475]], 'ys': [[2.70012019230771, 1.7385817307692482, 126.73858173076924, 127.21935096153848], [127.21935096153848, 126.73858173076924, 247.41165865384616, 247.41165865384616]]}",dark,FALSE,3,"(5400, 7200)",0.28373126,0.718489728,1296.392309,113.7866211
36,SEFL10N5b_29_30_31_32_2024-02-01 12-30-19.mkv,98,TRUE,0.5,50,1800,"{'xs': [[1.6052631578947378, 118.79824561403508, 117.39473684210526, 4.412280701754387], [4.412280701754387, 117.39473684210526, 116.69298245614034, 3.710526315789475]], 'ys': [[2.70012019230771, 1.7385817307692482, 126.73858173076924, 127.21935096153848], [127.21935096153848, 126.73858173076924, 247.41165865384616, 247.41165865384616]]}",dark,FALSE,3,"(5400, 7200)",0.233759023,0.767351471,1211.262105,106.3145942
36,SEFL10N5b_37_38_39_40_2024-02-01 12-55-29.mkv,98,TRUE,0.5,50,1800,"{'xs': [[1.6052631578947378, 118.79824561403508, 117.39473684210526, 4.412280701754387], [4.412280701754387, 117.39473684210526, 116.69298245614034, 3.710526315789475]], 'ys': [[2.70012019230771, 1.7385817307692482, 126.73858173076924, 127.21935096153848], [127.21935096153848, 126.73858173076924, 247.41165865384616, 247.41165865384616]]}",dark,FALSE,3,"(5400, 7200)",0.151582454,0.848972793,1151.03049,101.0279599
37,SEFL10N5b_37_38_39_40_2024-02-01 12-55-29.mkv,98,TRUE,0.5,50,1800,"{'xs': [[2.2021276595744665, 123.12234042553192, 125.14893617021276, 1.5265957446808496], [1.5265957446808496, 125.14893617021276, 121.77127659574468, 1.5265957446808496]], 'ys': [[1.2606796116504748, 0.7791262135922224, 128.87233009708737, 125.98300970873785], [125.98300970873785, 128.87233009708737, 246.8529126213592, 246.37135922330094]]}",dark,FALSE,0,"(0, 1800)",0.413659078,0.596890616,1947.424216,171.1654506
37,SEFL10N5b_37_38_39_40_2024-02-01 12-55-29.mkv,98,TRUE,0.5,50,1800,"{'xs': [[2.2021276595744665, 123.12234042553192, 125.14893617021276, 1.5265957446808496], [1.5265957446808496, 125.14893617021276, 121.77127659574468, 1.5265957446808496]], 'ys': [[1.2606796116504748, 0.7791262135922224, 128.87233009708737, 125.98300970873785], [125.98300970873785, 128.87233009708737, 246.8529126213592, 246.37135922330094]]}",dark,FALSE,1,"(1800, 3600)",0.021099389,0.980011105,1275.214543,112.0827552
37,SEFL10N5b_37_38_39_40_2024-02-01 12-55-29.mkv,98,TRUE,0.5,50,1800,"{'xs': [[2.2021276595744665, 123.12234042553192, 125.14893617021276, 1.5265957446808496], [1.5265957446808496, 125.14893617021276, 121.77127659574468, 1.5265957446808496]], 'ys': [[1.2606796116504748, 0.7791262135922224, 128.87233009708737, 125.98300970873785], [125.98300970873785, 128.87233009708737, 246.8529126213592, 246.37135922330094]]}",dark,FALSE,2,"(3600, 5400)",0.347584675,0.657967796,1350.830186,118.7288602
37,SEFL10N5b_37_38_39_40_2024-02-01 12-55-29.mkv,98,TRUE,0.5,50,1800,"{'xs': [[2.2021276595744665, 123.12234042553192, 125.14893617021276, 1.5265957446808496], [1.5265957446808496, 125.14893617021276, 121.77127659574468, 1.5265957446808496]], 'ys': [[1.2606796116504748, 0.7791262135922224, 128.87233009708737, 125.98300970873785], [125.98300970873785, 128.87233009708737, 246.8529126213592, 246.37135922330094]]}",dark,FALSE,3,"(5400, 7200)",0.322043309,0.68184342,1644.523455,144.5425172
37,SEFL10N5b_37_38_39_40_2024-02-01 12-55-29.mkv,98,TRUE,0.5,50,1800,"{'xs': [[2.2021276595744665, 123.12234042553192, 125.14893617021276, 1.5265957446808496], [1.5265957446808496, 125.14893617021276, 121.77127659574468, 1.5265957446808496]], 'ys': [[1.2606796116504748, 0.7791262135922224, 128.87233009708737, 125.98300970873785], [125.98300970873785, 128.87233009708737, 246.8529126213592, 246.37135922330094]]}",dark,FALSE,4,"(7200, 9000)",0.159444444,0.863888889,1462.311559,128.5273207
38,SEFL10N5b_37_38_39_40_2024-02-01 12-55-29.mkv,98,TRUE,0.5,50,1800,"{'xs': [[2.850785340314136, 124.14921465968587, 126.82984293193718, 2.850785340314136], [2.850785340314136, 126.82984293193718, 126.15968586387434, 4.19109947643979]], 'ys': [[2.215429316888028, 2.215429316888028, 129.43554316888043, 127.99531546489563], [127.99531546489563, 129.43554316888043, 250.4146703036053, 249.934594402277]]}",dark,FALSE,0,"(0, 1800)",0.389783454,0.612992782,2048.30001,179.1157029
38,SEFL10N5b_37_38_39_40_2024-02-01 12-55-29.mkv,98,TRUE,0.5,50,1800,"{'xs': [[2.850785340314136, 124.14921465968587, 126.82984293193718, 2.850785340314136], [2.850785340314136, 126.82984293193718, 126.15968586387434, 4.19109947643979]], 'ys': [[2.215429316888028, 2.215429316888028, 129.43554316888043, 127.99531546489563], [127.99531546489563, 129.43554316888043, 250.4146703036053, 249.934594402277]]}",dark,FALSE,1,"(1800, 3600)",0.086063298,0.914491949,1577.394242,137.9368633
38,SEFL10N5b_37_38_39_40_2024-02-01 12-55-29.mkv,98,TRUE,0.5,50,1800,"{'xs': [[2.850785340314136, 124.14921465968587, 126.82984293193718, 2.850785340314136], [2.850785340314136, 126.82984293193718, 126.15968586387434, 4.19109947643979]], 'ys': [[2.215429316888028, 2.215429316888028, 129.43554316888043, 127.99531546489563], [127.99531546489563, 129.43554316888043, 250.4146703036053, 249.934594402277]]}",dark,FALSE,2,"(3600, 5400)",0.173792338,0.831760133,1561.418186,136.5398206
38,SEFL10N5b_37_38_39_40_2024-02-01 12-55-29.mkv,98,TRUE,0.5,50,1800,"{'xs': [[2.850785340314136, 124.14921465968587, 126.82984293193718, 2.850785340314136], [2.850785340314136, 126.82984293193718, 126.15968586387434, 4.19109947643979]], 'ys': [[2.215429316888028, 2.215429316888028, 129.43554316888043, 127.99531546489563], [127.99531546489563, 129.43554316888043, 250.4146703036053, 249.934594402277]]}",dark,FALSE,3,"(5400, 7200)",0.167129373,0.833981122,1268.823573,110.9535834
38,SEFL10N5b_37_38_39_40_2024-02-01 12-55-29.mkv,98,TRUE,0.5,50,1800,"{'xs': [[2.850785340314136, 124.14921465968587, 126.82984293193718, 2.850785340314136], [2.850785340314136, 126.82984293193718, 126.15968586387434, 4.19109947643979]], 'ys': [[2.215429316888028, 2.215429316888028, 129.43554316888043, 127.99531546489563], [127.99531546489563, 129.43554316888043, 250.4146703036053, 249.934594402277]]}",dark,FALSE,4,"(7200, 9000)",0.156666667,0.844444444,1151.234945,100.6709248
39,SEFL10N5b_37_38_39_40_2024-02-01 12-55-29.mkv,98,TRUE,0.5,50,1800,"{'xs': [[1.532258064516127, 117.37096774193547, 120.08064516129032, 3.5645161290322562], [3.5645161290322562, 120.08064516129032, 122.11290322580645, 1.532258064516127]], 'ys': [[0.781433105468759, 0.781433105468759, 124.76385498046876, 124.28143310546876], [124.28143310546876, 124.76385498046876, 244.88690185546875, 244.88690185546875]]}",dark,FALSE,0,"(0, 1800)",0.134925042,0.8667407,1164.683163,101.5488816
39,SEFL10N5b_37_38_39_40_2024-02-01 12-55-29.mkv,98,TRUE,0.5,50,1800,"{'xs': [[1.532258064516127, 117.37096774193547, 120.08064516129032, 3.5645161290322562], [3.5645161290322562, 120.08064516129032, 122.11290322580645, 1.532258064516127]], 'ys': [[0.781433105468759, 0.781433105468759, 124.76385498046876, 124.28143310546876], [124.28143310546876, 124.76385498046876, 244.88690185546875, 244.88690185546875]]}",dark,FALSE,1,"(1800, 3600)",0.14658523,0.853970017,1251.545057,109.1223818
39,SEFL10N5b_37_38_39_40_2024-02-01 12-55-29.mkv,98,TRUE,0.5,50,1800,"{'xs': [[1.532258064516127, 117.37096774193547, 120.08064516129032, 3.5645161290322562], [3.5645161290322562, 120.08064516129032, 122.11290322580645, 1.532258064516127]], 'ys': [[0.781433105468759, 0.781433105468759, 124.76385498046876, 124.28143310546876], [124.28143310546876, 124.76385498046876, 244.88690185546875, 244.88690185546875]]}",dark,FALSE,2,"(3600, 5400)",0,1,699.0177193,60.94744892
39,SEFL10N5b_37_38_39_40_2024-02-01 12-55-29.mkv,98,TRUE,0.5,50,1800,"{'xs': [[1.532258064516127, 117.37096774193547, 120.08064516129032, 3.5645161290322562], [3.5645161290322562, 120.08064516129032, 122.11290322580645, 1.532258064516127]], 'ys': [[0.781433105468759, 0.781433105468759, 124.76385498046876, 124.28143310546876], [124.28143310546876, 124.76385498046876, 244.88690185546875, 244.88690185546875]]}",dark,FALSE,3,"(5400, 7200)",0.116046641,0.887840089,1332.602947,116.1898301
39,SEFL10N5b_37_38_39_40_2024-02-01 12-55-29.mkv,98,TRUE,0.5,50,1800,"{'xs': [[1.532258064516127, 117.37096774193547, 120.08064516129032, 3.5645161290322562], [3.5645161290322562, 120.08064516129032, 122.11290322580645, 1.532258064516127]], 'ys': [[0.781433105468759, 0.781433105468759, 124.76385498046876, 124.28143310546876], [124.28143310546876, 124.76385498046876, 244.88690185546875, 244.88690185546875]]}",dark,FALSE,4,"(7200, 9000)",0.463333333,0.537777778,1293.365726,112.7687315
40,SEFL10N5b_05_06_07_08_2024-02-01 11-16-11.mkv,98,TRUE,0.5,50,1800,"{'xs': [[1.6052631578947378, 118.79824561403508, 117.39473684210526, 4.412280701754387], [4.412280701754387, 117.39473684210526, 116.69298245614034, 3.710526315789475]], 'ys': [[2.70012019230771, 1.7385817307692482, 126.73858173076924, 127.21935096153848], [127.21935096153848, 126.73858173076924, 247.41165865384616, 247.41165865384616]]}",light,FALSE,4,"(7200, 9000)",0,1,950.4142895,83.419525
40,SEFL10N5b_13_14_15_16_2024-02-01 11-41-23.mkv,98,TRUE,0.5,50,1800,"{'xs': [[1.6052631578947378, 118.79824561403508, 117.39473684210526, 4.412280701754387], [4.412280701754387, 117.39473684210526, 116.69298245614034, 3.710526315789475]], 'ys': [[2.70012019230771, 1.7385817307692482, 126.73858173076924, 127.21935096153848], [127.21935096153848, 126.73858173076924, 247.41165865384616, 247.41165865384616]]}",dark,FALSE,4,"(7200, 9000)",0.205,0.801111111,1367.859893,120.059456
40,SEFL10N5b_21_22_23_24_2024-02-01 12-07-42.mkv,98,TRUE,0.5,50,1800,"{'xs': [[1.6052631578947378, 118.79824561403508, 117.39473684210526, 4.412280701754387], [4.412280701754387, 117.39473684210526, 116.69298245614034, 3.710526315789475]], 'ys': [[2.70012019230771, 1.7385817307692482, 126.73858173076924, 127.21935096153848], [127.21935096153848, 126.73858173076924, 247.41165865384616, 247.41165865384616]]}",dark,FALSE,4,"(7200, 9000)",0.272777778,0.737777778,1259.640174,110.5608219
40,SEFL10N5b_29_30_31_32_2024-02-01 12-30-19.mkv,98,TRUE,0.5,50,1800,"{'xs': [[1.6052631578947378, 118.79824561403508, 117.39473684210526, 4.412280701754387], [4.412280701754387, 117.39473684210526, 116.69298245614034, 3.710526315789475]], 'ys': [[2.70012019230771, 1.7385817307692482, 126.73858173076924, 127.21935096153848], [127.21935096153848, 126.73858173076924, 247.41165865384616, 247.41165865384616]]}",dark,FALSE,4,"(7200, 9000)",0.21,0.793333333,1039.424072,91.23206937
40,SEFL10N5b_37_38_39_40_2024-02-01 12-55-29.mkv,98,TRUE,0.5,50,1800,"{'xs': [[1.6052631578947378, 118.79824561403508, 117.39473684210526, 4.412280701754387], [4.412280701754387, 117.39473684210526, 116.69298245614034, 3.710526315789475]], 'ys': [[2.70012019230771, 1.7385817307692482, 126.73858173076924, 127.21935096153848], [127.21935096153848, 126.73858173076924, 247.41165865384616, 247.41165865384616]]}",dark,FALSE,4,"(7200, 9000)",0.201666667,0.8,889.056299,78.03402682